order_item_id,order_id,product_id,quantity,unit_price,discount_pct
1,1,128,2,26145.77,10
2,1,94,3,9719.88,0
3,2,16,2,7144.36,0
4,2,5,2,5540.52,20
5,2,52,1,20420.39,10
6,3,6,1,22118.46,10
7,3,49,1,37819.58,0
8,4,80,2,31426.11,15
9,5,98,1,19578.11,5
10,5,107,1,24910.85,5
11,6,37,1,16907.02,0
12,7,116,3,44146.56,0
13,7,17,1,35670.0,5
14,8,32,1,25223.3,0
15,9,25,1,21843.42,5
16,10,22,1,33007.23,10
17,10,61,1,3011.52,25
18,10,126,1,8312.99,0
19,11,44,1,13601.49,0
20,11,102,2,36364.95,5
21,12,20,2,11744.94,0
22,13,109,1,27424.43,0
23,14,88,2,19706.75,5
24,15,47,2,41849.29,10
25,15,51,2,4248.83,15
26,15,39,1,5869.67,25
27,16,14,1,12247.1,15
28,16,21,2,5748.19,0
29,17,143,1,13242.8,15
30,17,100,1,567.01,10
31,17,97,1,32706.44,5
32,17,1,2,4163.0,20
33,18,109,1,26250.85,10
34,19,82,1,38985.54,10
35,19,138,3,6767.05,0
36,20,18,3,2925.2,20
37,20,58,1,34586.32,15
38,21,126,1,8230.51,0
39,22,73,2,23221.93,0
40,23,110,1,26671.54,0
41,23,52,2,17499.95,0
42,24,46,2,33748.98,10
43,24,107,1,26729.04,0
44,25,13,1,34932.09,20
45,25,96,1,35106.01,15
46,26,17,2,28851.51,0
47,26,67,1,33937.26,5
48,27,61,1,4081.92,0
49,27,65,1,3141.3,0
50,28,133,1,32512.35,0
51,28,89,1,29230.31,5
52,29,56,1,18948.08,20
53,30,5,2,6958.35,20
54,31,101,1,34129.28,15
55,31,87,1,25914.99,10
56,32,61,2,3029.41,20
57,32,69,2,45138.04,5
58,32,63,2,19344.61,0
59,32,44,1,14025.43,10
60,33,28,1,17410.19,20
61,34,13,1,40243.78,0
62,35,30,3,30219.2,0
63,36,63,3,18697.86,0
64,37,73,3,27268.36,0
65,38,57,1,42777.52,0
66,38,64,2,5707.32,5
67,39,52,3,21689.08,20
68,40,63,1,17933.33,20
69,40,141,1,1561.36,20
70,41,93,1,37224.53,0
71,41,107,1,31494.03,0
72,42,109,1,25765.06,0
73,42,88,3,25531.25,20
74,42,45,3,21104.95,0
75,42,108,4,36174.36,10
76,43,46,1,33889.34,0
77,44,77,1,12660.16,0
78,44,46,2,37973.04,0
79,45,129,1,21671.71,10
80,46,92,1,38748.76,0
81,47,12,2,25959.98,0
82,47,88,1,20254.04,5
83,48,73,1,28342.68,10
84,48,102,1,32314.3,5
85,49,99,4,33491.26,20
86,50,58,1,32428.28,5
87,50,128,1,34577.58,0
88,50,117,4,33397.07,10
89,50,35,1,2719.23,5
90,51,84,1,29315.71,15
91,51,66,1,18292.65,20
92,52,26,1,18653.65,15
93,52,42,1,14604.36,5
94,53,77,3,15372.32,0
95,53,30,1,29448.52,20
96,54,116,2,43571.92,5
97,55,36,1,4175.03,15
98,55,19,1,3164.86,25
99,56,22,1,29135.77,10
100,57,65,1,3552.45,5
101,57,57,1,45809.5,10
102,57,11,1,6455.05,0
103,58,26,1,20654.74,5
104,59,19,2,2259.55,0
105,60,83,1,7722.06,0
106,60,140,1,11134.35,10
107,61,67,2,37960.25,10
108,62,56,1,19645.51,15
109,63,18,3,3104.33,20
110,64,113,2,29334.44,0
111,64,5,4,5556.27,15
112,64,112,1,2331.02,5
113,65,115,4,25450.73,10
114,66,67,2,28885.17,20
115,67,70,2,5410.89,0
116,68,52,3,22690.54,10
117,69,127,1,42998.76,5
118,70,65,3,3308.08,15
119,70,80,1,35626.2,10
120,71,113,2,36613.7,15
121,72,111,1,11530.92,0
122,73,53,1,3951.27,10
123,74,137,1,27273.4,10
124,75,133,4,34260.91,5
125,76,116,2,49967.57,5
126,76,72,2,15502.74,0
127,77,21,2,5571.84,0
128,78,103,1,4680.75,0
129,79,107,1,22889.2,0
130,79,63,1,18840.38,15
131,80,148,1,30499.18,20
132,81,150,2,22235.97,15
133,81,77,2,13098.31,15
134,82,75,1,25151.19,0
135,83,63,1,13819.67,5
136,84,67,1,38394.28,20
137,84,36,1,4583.0,15
138,85,134,1,23557.25,0
139,86,37,1,23250.19,5
140,86,93,1,35504.91,0
141,86,75,3,18264.72,0
142,87,115,1,25704.63,5
143,87,77,2,15062.04,20
144,88,13,2,34558.46,10
145,88,38,1,3980.27,5
146,89,148,2,29275.44,5
147,89,17,2,31562.57,15
148,89,123,1,22793.73,0
149,90,114,1,15830.97,10
150,90,26,2,20886.76,0
151,91,32,1,28199.28,5
152,91,86,1,37530.42,0
153,92,98,1,25091.8,20
154,92,91,1,7734.42,0
155,93,121,2,43020.53,0
156,94,57,2,41671.4,0
157,95,107,1,27915.22,10
158,96,22,1,31979.81,10
159,97,112,4,2314.28,0
160,97,85,2,8687.12,0
161,97,80,2,32826.92,15
162,98,73,1,26781.48,10
163,99,77,1,12955.29,15
164,100,74,3,40318.63,10
165,100,127,1,40364.41,15
166,101,121,2,48226.68,5
167,102,85,2,7764.18,10
168,103,150,1,24711.25,15
169,103,82,2,41256.77,0
170,104,21,1,5135.68,5
171,104,142,2,37580.82,15
172,105,74,5,44299.86,10
173,105,9,4,5894.79,10
174,106,146,2,30382.71,0
175,107,13,1,46172.93,0
176,108,17,2,35367.5,0
177,108,126,2,9777.49,20
178,109,87,1,24293.28,20
179,110,16,1,6745.44,0
180,110,24,2,31134.99,0
181,111,75,1,19525.81,0
182,111,103,3,4781.96,0
183,111,86,1,33023.4,0
184,112,105,1,17614.04,0
185,113,42,1,14850.64,15
186,114,18,3,3111.93,15
187,115,78,3,37951.77,0
188,115,92,1,39435.45,10
189,116,11,2,5386.06,5
190,117,126,1,8208.02,0
191,118,97,2,24459.56,15
192,118,53,2,3463.29,0
193,119,83,1,7197.34,0
194,120,47,1,45213.05,0
195,121,52,1,18251.26,20
196,121,57,1,43744.49,10
197,122,75,1,20719.08,5
198,123,59,1,14640.39,15
199,123,69,2,39413.41,0
200,124,86,1,29946.93,20
201,124,146,1,30508.83,10
202,125,71,2,28180.36,10
203,126,33,3,13319.75,15
204,126,3,2,15743.84,10
205,126,28,5,13482.4,20
206,127,1,1,3941.56,15
207,128,126,2,9947.78,0
208,128,113,1,38733.67,0
209,128,47,2,35359.83,0
210,128,37,1,17759.37,0
211,129,86,2,36271.21,0
212,130,48,1,32249.98,0
213,131,108,1,39513.71,0
214,132,19,2,2526.79,15
215,133,142,3,42948.93,15
216,133,83,1,8399.13,0
217,134,65,3,2868.02,0
218,134,26,1,20675.48,0
219,135,138,2,5436.28,20
220,135,99,4,33768.58,5
221,136,77,1,12102.54,25
222,137,70,1,5677.94,20
223,138,43,1,6656.01,20
224,138,70,1,5723.77,0
225,139,59,2,15165.33,5
226,140,3,2,13504.63,25
227,140,133,4,35188.72,0
228,141,85,1,9594.18,10
229,141,95,1,9156.62,0
230,142,78,1,32885.02,5
231,143,101,3,35665.85,20
232,143,83,1,8365.98,10
233,144,84,5,31220.45,15
234,144,121,1,46284.45,10
235,145,135,2,2706.77,5
236,145,53,1,4030.79,15
237,146,114,3,14851.26,25
238,147,6,1,28228.86,25
239,148,135,2,2118.1,15
240,149,18,2,2773.59,5
241,150,54,1,3713.13,0
242,151,127,1,38589.04,0
243,151,25,2,30852.85,0
244,152,63,1,17224.82,0
245,152,115,3,28910.68,0
246,153,141,2,1840.85,0
247,153,51,1,4531.16,0
248,154,28,2,17925.7,5
249,155,73,2,26106.52,0
250,155,72,2,18716.82,15
251,155,85,2,9330.91,0
252,156,110,1,29240.25,10
253,157,30,4,39264.7,20
254,157,9,1,5562.45,0
255,158,141,3,1917.86,25
256,158,82,1,34499.32,10
257,158,64,1,6080.34,0
258,158,38,1,4549.1,0
259,159,119,1,11979.04,20
260,159,22,5,33844.47,10
261,160,99,1,30045.03,0
262,160,106,1,25630.7,20
263,160,64,1,5587.03,15
264,160,9,1,6485.47,15
265,161,126,1,7714.31,20
266,161,95,1,7620.52,15
267,162,88,1,22376.84,0
268,163,113,1,28456.34,10
269,164,72,1,18544.93,15
270,165,50,1,42554.33,0
271,166,148,2,36685.42,0
272,166,81,2,6311.11,0
273,167,33,2,11534.42,0
274,168,63,4,16776.66,0
275,168,105,3,20086.68,15
276,169,99,1,33755.18,15
277,170,6,1,24444.39,0
278,171,135,3,2004.4,10
279,171,9,2,6873.27,10
280,171,101,1,34324.04,0
281,171,61,1,3154.35,0
282,172,99,5,35490.58,0
283,173,148,3,35176.63,15
284,173,58,1,33471.5,0
285,174,60,4,37933.45,0
286,174,35,5,3323.91,0
287,175,47,1,41337.6,20
288,176,46,3,37593.82,15
289,177,87,3,26455.38,5
290,178,4,1,31726.81,20
291,178,10,2,2980.01,0
292,179,107,1,23218.06,10
293,179,75,2,23928.6,0
294,180,40,3,28089.36,0
295,181,127,1,48818.59,15
296,181,119,1,8359.38,15
297,182,73,3,30559.89,0
298,183,40,4,32665.12,0
299,183,96,1,34725.1,5
300,184,23,3,21025.33,15
301,184,143,1,19040.73,0
302,184,115,1,26661.11,10
303,185,116,2,38164.47,20
304,185,133,2,28407.22,0
305,185,146,2,31091.12,20
306,186,21,1,5285.76,0
307,186,3,1,15943.49,10
308,187,46,4,38584.36,15
309,188,90,1,42947.81,5
310,188,79,1,34388.4,0
311,188,127,3,42886.87,20
312,188,53,2,4130.61,0
313,189,148,1,36246.68,10
314,190,21,1,4725.2,5
315,190,90,3,31870.77,5
316,191,113,5,28801.13,10
317,192,51,1,4480.62,10
318,192,68,1,41865.67,0
319,192,116,1,43857.03,10
320,192,138,3,7026.83,0
321,193,83,1,6752.53,0
322,193,95,2,9788.04,5
323,194,137,1,33172.48,10
324,194,29,1,31588.13,0
325,195,110,3,28761.33,10
326,196,71,1,30302.24,5
327,196,38,3,3749.86,0
328,197,127,1,42001.92,10
329,197,72,1,13402.23,25
330,198,59,1,16519.83,5
331,198,28,1,16594.97,15
332,199,46,1,40717.71,0
333,200,71,2,27955.34,15
334,201,38,1,4322.95,10
335,202,117,3,40889.04,10
336,203,108,1,31407.3,20
337,204,146,1,29178.4,0
338,205,95,1,8803.45,5
339,206,63,3,18992.56,0
340,207,103,1,6152.14,10
341,208,5,1,6757.46,15
342,208,107,1,23638.48,5
343,208,142,1,41278.11,5
344,209,58,1,36643.87,10
345,210,146,1,29059.74,0
346,211,7,1,38481.76,0
347,212,87,1,18887.23,5
348,212,97,2,26759.83,5
349,213,45,2,17543.7,5
350,213,16,2,7587.99,0
351,213,64,1,6084.53,10
352,214,37,1,16559.66,20
353,215,9,3,7558.05,0
354,216,137,1,28758.79,10
355,216,140,1,11836.09,10
356,216,146,3,23651.97,20
357,216,90,4,42742.59,10
358,217,74,3,43522.52,10
359,218,125,5,29898.47,15
360,219,51,3,5040.16,0
361,220,32,2,25625.08,10
362,221,88,1,20845.44,5
363,221,136,4,17904.21,5
364,221,26,3,16482.93,0
365,221,66,1,23542.69,0
366,222,73,1,28100.37,0
367,223,50,1,34813.72,10
368,223,45,4,16953.77,20
369,223,87,1,18947.45,0
370,224,33,1,13146.78,0
371,224,19,1,2699.12,25
372,224,141,5,1606.53,10
373,224,113,2,37120.74,20
374,225,22,1,28645.58,0
375,225,148,1,30702.91,15
376,226,97,1,34468.41,15
377,227,5,1,5315.2,0
378,228,126,2,8498.53,0
379,229,78,1,37515.91,0
380,230,30,1,29647.06,0
381,230,91,1,6286.26,25
382,231,82,1,37029.13,5
383,232,88,4,24907.47,15
384,232,132,1,39740.22,15
385,232,105,1,18046.16,5
386,233,67,1,33622.02,10
387,234,118,1,16147.63,0
388,234,30,1,29976.83,5
389,235,111,1,8192.44,25
390,235,144,2,31083.65,0
391,235,39,1,6585.01,5
392,236,86,1,29827.52,15
393,237,41,3,22149.2,10
394,238,31,1,18796.09,10
395,239,141,2,1667.14,20
396,240,127,1,40159.62,0
397,241,64,1,4584.04,15
398,242,117,1,31574.91,20
399,243,19,1,2425.75,0
400,243,111,3,8167.16,10
401,243,114,1,12981.04,0
402,243,25,2,22334.99,0
403,244,121,2,46031.24,5
404,245,99,1,34361.85,10
405,246,90,2,35014.8,20
406,247,3,1,12782.59,10
407,248,130,2,35980.39,20
408,249,5,2,5247.24,0
409,249,20,1,12332.88,0
410,249,38,1,4953.49,25
411,250,101,1,26407.32,20
412,251,128,1,31352.68,0
413,252,102,1,29331.66,10
414,253,36,4,4136.13,5
415,254,99,1,38794.87,5
416,255,113,1,29555.9,20
417,255,37,1,19116.93,15
418,256,54,1,3447.26,0
419,257,149,1,29047.24,0
420,258,149,1,33693.37,0
421,258,92,1,38574.29,15
422,259,70,1,6261.72,5
423,260,84,2,29361.17,25
424,261,11,3,4831.74,15
425,261,88,1,23813.23,0
426,261,87,3,27768.42,15
427,261,31,1,19936.77,5
428,262,101,2,38572.46,0
429,263,60,1,30626.59,5
430,263,61,3,3435.21,25
431,264,67,3,29843.17,5
432,265,79,2,32020.64,10
433,266,71,2,28615.8,5
434,267,67,1,32085.53,5
435,268,128,1,34703.52,15
436,269,111,2,9972.7,15
437,270,16,1,6591.17,0
438,270,45,1,20913.59,0
439,270,34,1,22831.19,5
440,271,44,2,15070.11,0
441,271,117,1,31808.39,15
442,272,125,2,29009.06,0
443,273,103,2,5730.45,15
444,273,120,1,29640.72,10
445,274,35,1,3051.95,0
446,274,126,4,9354.45,0
447,274,75,3,23589.14,0
448,275,84,1,28205.8,0
449,275,53,1,4303.01,10
450,276,58,1,32492.96,5
451,277,143,1,14000.1,10
452,277,50,1,35844.23,5
453,277,141,4,1585.11,0
454,278,111,4,8776.62,5
455,279,111,2,8980.37,15
456,280,120,1,22500.0,0
457,281,65,1,3364.08,10
458,281,106,2,30722.86,0
459,281,91,2,7459.87,0
460,282,146,1,24970.62,5
461,282,26,2,20246.84,5
462,282,72,2,13890.15,15
463,283,44,2,14004.21,5
464,283,90,1,34271.83,0
465,283,133,2,34721.29,10
466,284,124,1,16448.16,5
467,285,5,2,6506.89,0
468,285,127,1,48209.48,15
469,285,113,1,37680.9,0
470,286,111,1,8575.6,20
471,287,77,1,12504.49,0
472,288,13,5,46528.66,5
473,289,58,1,32742.4,20
474,290,130,3,47076.54,15
475,290,88,1,20931.03,0
476,291,36,1,5732.71,10
477,292,25,1,31147.83,0
478,292,34,1,28653.49,5
479,292,140,2,9920.16,15
480,293,19,1,2568.75,5
481,294,114,2,16123.63,0
482,295,106,1,34232.59,5
483,295,37,1,17183.46,0
484,295,107,1,25534.91,0
485,296,129,2,25132.25,5
486,297,60,2,36609.88,10
487,297,67,1,38770.81,5
488,298,79,1,36405.44,0
489,298,111,2,11344.84,20
490,299,48,4,23281.97,10
491,300,147,1,12883.77,0
492,300,88,2,18321.2,25
493,301,40,1,36883.24,20
494,302,134,1,20558.44,0
495,302,96,4,26116.48,10
496,302,61,2,3471.2,10
497,303,5,3,5515.31,0
498,304,37,1,21876.03,0
499,305,139,1,22137.81,10
500,306,106,2,31981.22,0
501,307,99,3,29309.66,15
502,307,8,3,25013.51,0
503,308,87,1,20722.84,20
504,308,84,1,32643.11,15
505,308,11,1,4954.7,15
506,309,71,1,21526.43,0
507,309,94,1,6861.73,10
508,310,123,1,27968.36,5
509,311,141,2,1845.05,10
510,311,106,2,24631.79,0
511,311,49,3,35192.46,15
512,312,7,4,43634.4,0
513,313,101,1,27486.17,10
514,313,51,3,4194.32,15
515,314,5,2,5680.11,10
516,314,13,4,45337.2,0
517,315,42,1,15305.19,0
518,316,125,1,37770.59,5
519,316,133,2,32435.97,0
520,316,62,3,12220.72,0
521,317,129,2,19005.5,0
522,318,74,2,42462.1,15
523,318,114,1,12537.24,0
524,319,54,2,3443.09,20
525,319,116,2,37497.09,5
526,320,131,2,17689.56,15
527,320,83,2,8218.88,0
528,320,130,1,43936.0,20
529,321,49,2,33184.21,0
530,321,31,1,21548.37,0
531,321,74,4,41672.08,0
532,322,117,2,29731.54,0
533,323,3,2,14738.42,5
534,323,124,5,16019.21,15
535,324,85,1,9177.79,0
536,325,64,1,5952.09,15
537,326,18,2,2333.3,15
538,326,34,1,23058.85,20
539,326,56,1,15213.65,0
540,327,67,3,40156.01,0
541,327,91,1,7730.51,0
542,327,67,1,27847.09,5
543,328,110,1,26483.76,5
544,328,40,1,28621.31,5
545,328,147,1,15723.86,0
546,329,133,1,33815.4,10
547,330,142,3,45711.75,0
548,330,91,1,6290.35,5
549,330,49,1,39587.05,0
550,331,64,1,5792.57,10
551,331,112,2,2768.93,10
552,331,100,1,658.46,15
553,332,104,1,33159.25,20
554,333,5,3,5406.44,15
555,334,119,1,9991.08,0
556,334,88,1,25172.04,0
557,335,127,2,49157.38,20
558,335,24,1,28611.07,15
559,336,107,1,25280.28,15
560,336,50,1,42744.86,10
561,336,58,4,27414.87,0
562,336,1,4,3095.23,15
563,337,138,1,6343.12,0
564,338,2,1,6982.92,5
565,338,63,1,19327.69,0
566,339,16,2,6515.46,10
567,339,37,1,19008.51,5
568,340,16,1,7139.47,5
569,341,87,2,25682.5,10
570,341,90,1,37169.95,5
571,341,80,1,32052.11,0
572,342,27,3,19271.25,10
573,343,111,2,9123.35,15
574,344,64,2,4702.8,5
575,345,97,3,30971.28,10
576,346,137,1,27594.91,10
577,346,11,1,7048.07,0
578,347,70,1,5951.82,5
579,347,143,1,19004.78,0
580,347,48,1,25619.24,10
581,348,94,1,10003.12,5
582,349,76,1,36623.29,0
583,350,60,1,29240.91,10
584,351,68,1,34345.82,20
585,351,57,1,40943.05,0
586,352,64,2,4511.65,25
587,352,80,1,36198.42,25
588,352,87,1,21728.63,15
589,352,120,5,24032.11,15
590,353,143,2,16841.13,5
591,353,79,1,28126.4,5
592,354,36,1,5383.74,25
593,354,54,2,3383.8,5
594,355,145,1,24308.94,0
595,355,100,1,647.36,0
596,356,86,2,42676.49,10
597,357,22,1,30523.63,5
598,357,75,1,25208.15,0
599,358,36,1,3990.46,15
600,358,29,1,38530.23,5
601,359,142,3,43499.38,10
602,359,18,1,2224.28,0
603,360,38,1,4519.5,0
604,360,101,2,36270.77,0
605,360,34,1,27617.42,5
606,361,121,1,35494.46,15
607,361,87,1,25016.55,15
608,362,110,1,22865.95,0
609,362,67,2,38377.18,20
610,363,43,1,4840.66,0
611,363,123,1,23457.25,0
612,363,22,4,27081.57,15
613,364,87,1,24476.73,0
614,364,77,1,16212.28,10
615,364,125,1,27015.5,0
616,364,96,1,27066.3,0
617,365,122,1,26151.92,10
618,365,40,1,35676.02,0
619,366,104,1,30536.78,0
620,367,119,1,9540.77,5
621,368,138,1,6112.26,0
622,368,120,2,23288.27,15
623,369,17,2,32149.31,15
624,370,102,1,30290.23,10
625,371,130,5,44948.85,0
626,372,145,2,24384.24,5
627,372,108,2,37401.83,10
628,373,90,1,36641.68,0
629,374,119,3,10263.39,0
630,375,63,4,14078.13,15
631,376,5,1,6408.33,5
632,376,25,2,27748.08,10
633,377,73,2,30368.84,0
634,378,124,1,15610.09,15
635,379,22,1,32628.54,0
636,379,93,1,40395.03,20
637,380,35,1,2694.58,0
638,380,55,1,1838.36,20
639,381,128,1,34913.61,5
640,382,20,2,12065.19,10
641,382,5,3,6346.82,15
642,383,63,1,13588.94,0
643,384,32,1,33372.46,0
644,384,74,1,42118.56,20
645,385,145,3,19420.14,5
646,386,101,1,28563.72,10
647,387,79,2,27541.24,0
648,387,23,1,18083.99,10
649,388,56,1,18338.51,0
650,388,137,1,29434.13,10
651,389,106,1,24330.31,0
652,390,69,2,37799.13,5
653,391,22,1,29456.62,0
654,391,32,1,25454.6,10
655,391,2,2,6258.29,0
656,392,123,1,24001.79,5
657,392,85,1,9938.31,10
658,393,14,4,10088.87,0
659,394,37,1,19956.36,20
660,394,27,3,15053.31,15
661,395,64,2,4745.51,10
662,396,70,1,5428.79,0
663,397,15,1,22475.33,10
664,398,29,1,30947.26,0
665,399,74,1,37386.37,15
666,400,28,2,14814.4,0
667,401,59,1,19451.43,0
668,402,73,1,21971.89,0
669,403,149,1,32406.72,25
670,404,10,1,3493.56,15
671,405,132,2,39725.05,0
672,405,62,2,11840.51,25
673,406,132,2,40516.1,0
674,407,127,3,36756.47,15
675,407,6,1,22236.46,10
676,408,80,1,29701.37,15
677,409,72,1,18955.13,5
678,410,16,4,6185.3,5
679,410,38,1,5092.75,10
680,411,65,4,2882.27,5
681,411,126,2,10237.42,0
682,411,83,2,8350.64,10
683,411,17,1,38890.11,10
684,412,113,1,34403.81,5
685,413,140,1,13969.6,0
686,414,70,1,6647.62,0
687,414,71,3,23935.19,15
688,415,131,2,17910.8,10
689,415,49,2,41528.65,15
690,415,21,1,4962.69,15
691,416,136,1,20636.99,15
692,416,64,2,4492.74,0
693,416,32,1,29444.52,0
694,416,20,3,8873.34,15
695,417,16,2,6147.43,0
696,418,60,1,32230.44,25
697,419,137,2,37063.39,20
698,419,103,2,4865.81,10
699,420,61,1,4171.82,5
700,420,104,1,34436.98,5
701,421,61,1,3726.39,15
702,421,76,1,38068.94,15
703,422,15,2,23768.13,0
704,422,132,1,35538.73,15
705,422,103,2,4472.38,10
706,423,75,1,21571.67,0
707,423,28,4,18627.96,0
708,424,74,5,34409.92,5
709,425,133,2,35327.74,0
710,426,125,1,37338.11,0
711,426,56,1,19024.47,0
712,427,64,1,6104.23,20
713,428,127,1,47087.22,0
714,429,121,1,39533.78,5
715,430,89,2,33966.37,0
716,431,17,1,39117.99,15
717,432,97,1,29425.89,10
718,432,55,1,1629.87,15
719,432,137,3,31690.77,10
720,433,110,1,25773.84,10
721,434,16,1,5938.82,5
722,435,144,3,34772.29,10
723,436,13,1,41014.33,0
724,437,78,2,38733.9,10
725,437,85,2,7845.68,0
726,437,73,1,29298.02,20
727,437,119,1,8960.71,5
728,438,68,3,35665.03,10
729,438,74,1,41586.74,10
730,438,99,1,34536.59,15
731,439,117,1,29312.31,5
732,440,137,1,30948.69,5
733,440,146,1,29360.94,0
734,441,138,3,6236.82,0
735,442,115,3,28216.24,0
736,442,54,1,2889.79,0
737,442,79,1,33975.0,20
738,442,15,1,30542.92,15
739,443,139,3,21439.11,0
740,444,118,1,18043.78,0
741,445,112,1,2480.27,5
742,445,106,2,32310.02,5
743,446,105,1,19447.37,15
744,446,47,1,42638.19,5
745,446,118,1,18646.21,20
746,447,126,2,8610.8,0
747,448,148,2,38201.29,5
748,448,98,2,24904.64,20
749,449,150,1,27474.91,0
750,450,48,1,22461.21,5
751,450,82,2,42529.02,0
752,450,16,3,7577.52,10
753,451,133,1,30035.14,0
754,452,74,1,42179.99,20
755,452,21,2,6051.4,20
756,452,61,1,3422.88,15
757,453,24,1,25418.01,5
758,454,23,1,22469.8,25
759,455,87,4,23450.7,15
760,455,139,2,16684.1,5
761,455,2,1,6418.41,0
762,455,53,2,3231.34,10
763,456,139,1,18431.38,10
764,456,15,1,23962.64,0
765,456,140,1,13385.07,10
766,456,122,1,28319.47,25
767,457,123,3,30053.2,0
768,457,92,1,28975.19,0
769,458,23,1,21757.78,20
770,459,88,3,20352.19,0
771,460,142,1,43997.84,20
772,461,99,1,38825.24,15
773,462,27,1,19916.83,5
774,462,21,4,4435.69,0
775,463,49,1,41552.05,0
776,464,44,1,13840.45,5
777,464,44,2,15339.71,10
778,465,128,4,30082.75,5
779,465,23,2,22222.26,15
780,466,129,1,18401.43,10
781,467,125,2,33751.23,10
782,467,36,3,4454.1,25
783,468,55,2,1406.68,10
784,468,110,2,22928.02,20
785,469,16,1,7859.36,0
786,469,89,2,27762.82,10
787,470,18,2,3069.66,10
788,471,38,1,5163.95,20
789,471,20,1,12164.75,5
790,472,19,1,3065.12,0
791,473,13,3,46149.76,5
792,474,17,2,30702.48,0
793,474,30,1,28506.38,0
794,475,43,2,6193.15,5
795,475,48,2,27192.49,20
796,476,43,3,4967.03,0
797,477,93,1,40291.25,0
798,477,114,1,14252.61,20
799,478,66,2,23437.61,0
800,478,119,1,10678.04,25
801,478,53,1,3929.52,0
802,478,72,1,15836.46,5
803,479,78,2,38736.96,0
804,480,74,1,46663.45,25
805,480,72,1,13945.43,20
806,480,13,1,39215.51,15
807,481,59,1,18811.46,0
808,481,32,3,28425.41,25
809,482,83,1,6619.88,20
810,482,120,1,23554.03,5
811,483,54,1,2942.77,10
812,484,2,1,7137.26,25
813,485,118,3,18408.97,5
814,485,37,5,19580.66,0
815,485,97,1,26518.76,20
816,486,103,1,5272.65,5
817,487,114,1,11798.04,25
818,488,1,1,4225.84,10
819,488,128,2,28936.87,0
820,489,103,1,6541.84,5
821,490,145,2,19720.22,10
822,490,57,2,46894.17,0
823,491,70,1,5130.04,5
824,491,44,2,11400.25,0
825,492,141,3,1439.69,10
826,492,76,2,44165.94,25
827,492,85,3,8619.68,10
828,493,66,2,20108.81,10
829,493,53,2,4290.35,5
830,494,18,3,2426.51,10
831,495,28,2,14685.78,10
832,496,132,1,40828.33,15
833,496,42,1,16857.48,20
834,497,126,3,9964.62,10
835,498,117,1,33600.94,25
836,498,134,1,19943.21,15
837,498,102,1,28222.15,0
838,498,137,1,38042.7,5
839,499,148,2,38106.45,20
840,499,38,1,5205.49,20
841,500,50,1,36612.63,5
842,501,60,3,39912.26,10
843,501,141,2,1699.61,5
844,501,119,3,10065.51,0
845,502,99,1,40520.61,20
846,503,94,2,7409.86,20
847,504,68,2,37375.11,5
848,504,140,1,11365.38,0
849,505,64,2,5975.14,15
850,505,79,1,30741.3,5
851,505,53,2,3611.34,0
852,506,26,2,21868.23,0
853,507,138,1,5703.42,0
854,508,140,2,11049.04,10
855,509,150,1,25184.51,0
856,510,21,2,6003.51,0
857,511,71,1,21408.33,20
858,512,82,1,41926.23,25
859,512,60,1,29172.88,0
860,513,99,1,36307.96,0
861,513,47,2,34953.62,10
862,513,143,3,14809.17,0
863,514,24,1,26047.82,0
864,515,10,1,3626.8,0
865,516,120,1,27746.44,20
866,516,88,2,25519.45,25
867,516,104,1,32837.53,15
868,517,124,1,14291.93,10
869,517,34,1,24540.56,10
870,518,41,1,30458.82,5
871,518,11,1,6293.36,10
872,518,1,1,4335.35,10
873,519,82,1,34763.77,15
874,520,26,1,16899.18,0
875,521,53,2,3617.53,0
876,522,125,1,29568.58,25
877,522,9,1,5823.5,0
878,523,9,1,6299.42,0
879,524,129,2,23472.94,5
880,524,59,3,16451.62,0
881,525,106,2,24968.1,0
882,526,125,1,34240.6,0
883,527,16,2,6574.64,10
884,527,38,1,4481.43,0
885,528,139,1,19944.1,10
886,529,59,1,20417.68,0
887,529,29,1,36217.08,0
888,530,8,1,25118.36,20
889,531,98,1,23885.56,15
890,532,134,1,19095.72,10
891,533,109,4,23825.78,0
892,534,108,3,34286.29,0
893,535,149,4,28778.16,15
894,535,57,1,44506.93,0
895,536,76,3,37915.85,15
896,536,113,2,36567.32,10
897,536,6,3,28802.85,15
898,537,124,1,18852.53,10
899,538,134,2,20611.85,5
900,539,53,1,4545.5,0
901,539,132,1,34702.88,10
902,539,9,1,5462.09,15
903,539,69,3,44243.86,0
904,540,74,1,35290.91,5
905,541,111,1,10610.07,5
906,542,87,4,20394.19,10
907,543,4,1,22354.47,0
908,543,37,3,16975.37,20
909,544,71,2,24454.14,10
910,545,6,1,22057.89,20
911,545,51,1,4160.02,15
912,546,99,1,39613.72,0
913,547,96,5,34666.22,0
914,548,142,3,43512.34,20
915,549,11,1,6748.41,10
916,549,10,1,3017.93,0
917,550,13,1,45727.88,20
918,550,121,2,43106.96,5
919,551,60,1,35138.22,0
920,552,5,1,6344.35,5
921,553,12,2,20983.17,15
922,553,141,1,1953.65,0
923,554,85,1,9042.65,5
924,554,117,2,30232.09,0
925,555,122,2,23498.66,15
926,556,41,1,22928.52,15
927,556,48,2,31436.01,5
928,557,51,1,5601.94,10
929,558,118,2,15210.71,5
930,559,96,3,28877.12,10
931,560,76,2,37822.12,25
932,560,46,2,40478.28,10
933,561,100,2,606.33,25
934,562,38,1,5103.71,15
935,562,92,1,36986.71,0
936,563,141,1,2026.65,15
937,563,150,2,24542.36,0
938,564,130,1,43187.24,10
939,564,93,1,39445.93,10
940,564,77,2,15445.01,20
941,565,13,1,45238.07,0
942,566,57,2,42944.28,20
943,567,147,1,15691.38,20
944,567,137,1,38112.66,0
945,567,116,1,48948.58,20
946,567,95,1,9456.4,0
947,568,130,1,32584.07,0
948,568,79,1,27394.08,25
949,569,57,1,47239.98,5
950,569,95,2,7467.29,10
951,569,57,1,36916.46,10
952,570,144,2,29793.9,0
953,571,107,2,27596.62,10
954,572,79,1,33286.65,0
955,572,134,1,19070.32,0
956,573,14,1,10670.9,20
957,574,27,4,19212.2,25
958,574,38,3,5122.95,5
959,575,147,1,12351.34,0
960,576,127,1,35954.29,5
961,577,4,4,28986.05,20
962,578,58,2,37498.37,0
963,579,137,1,36459.42,0
964,580,113,1,37376.4,20
965,580,143,1,18396.57,5
966,581,4,2,24480.6,0
967,582,52,2,16178.61,0
968,583,146,1,27756.65,20
969,583,99,1,40413.47,5
970,583,93,4,38901.41,0
971,584,117,3,41621.94,20
972,585,4,1,30612.96,15
973,586,85,1,10016.12,0
974,586,7,1,31901.17,10
975,587,125,1,26892.2,0
976,587,85,1,10317.66,10
977,587,63,1,14542.94,0
978,588,123,4,22314.42,0
979,589,89,3,34195.85,10
980,590,95,1,10234.0,10
981,590,119,3,9132.94,5
982,591,44,2,15104.06,0
983,592,102,1,26732.85,25
984,592,45,3,17265.79,0
985,593,117,2,36997.18,10
986,593,51,3,5187.94,0
987,593,65,1,2562.51,10
988,593,54,1,3059.94,0
989,594,72,1,14420.21,0
990,594,120,1,30599.87,10
991,594,143,1,17059.63,0
992,595,19,4,2574.26,10
993,596,10,2,2603.59,0
994,597,16,1,6934.72,0
995,597,108,1,35855.22,15
996,597,16,3,7496.13,0
997,597,80,1,33089.16,0
998,598,28,1,18803.29,0
999,599,148,2,32273.6,0
1000,600,9,4,5932.74,0
1001,600,104,2,29118.87,0
1002,601,138,1,6016.35,0
1003,602,45,1,22001.18,20
1004,603,109,2,27523.96,0
1005,603,143,3,16479.8,20
1006,603,30,5,28650.55,15
1007,604,48,1,23620.77,0
1008,605,91,2,7061.61,0
1009,606,91,1,7678.46,0
1010,607,74,1,43547.2,10
1011,607,44,1,12188.1,10
1012,608,134,4,17553.57,10
1013,609,117,1,33737.02,10
1014,610,24,1,30641.07,0
1015,610,7,4,39095.21,15
1016,611,6,1,24200.73,0
1017,611,118,1,15003.57,25
1018,611,85,2,7975.71,5
1019,612,110,2,27251.3,0
1020,613,145,1,23309.51,20
1021,613,31,4,24429.75,10
1022,614,139,1,20305.92,10
1023,615,133,3,29942.49,5
1024,615,64,2,5756.75,20
1025,616,76,1,46632.46,20
1026,617,131,2,15433.23,5
1027,618,56,1,18957.54,0
1028,618,63,1,18552.22,10
1029,619,105,3,16689.01,25
1030,620,38,1,4488.1,10
1031,621,54,1,3550.11,25
1032,622,130,1,42970.93,0
1033,622,2,1,6177.64,20
1034,623,140,3,10456.9,0
1035,624,40,3,27465.79,5
1036,625,2,1,8344.31,5
1037,626,105,1,16477.7,10
1038,627,125,1,32246.54,0
1039,628,80,1,39821.21,20
1040,629,47,1,36204.0,20
1041,630,132,1,39487.26,15
1042,631,91,1,6898.5,0
1043,631,101,2,30945.07,0
1044,632,130,4,37634.44,5
1045,632,15,2,31336.51,15
1046,633,49,2,42307.94,0
1047,633,112,1,2004.3,10
1048,633,35,3,3485.29,5
1049,634,116,4,46446.25,10
1050,635,94,4,7317.76,5
1051,635,24,1,22068.79,10
1052,635,60,2,32910.41,0
1053,635,77,2,14350.82,0
1054,636,48,1,28546.75,20
1055,637,140,5,11181.7,0
1056,637,41,1,25782.3,25
1057,637,128,1,26663.85,0
1058,637,31,1,17099.71,5
1059,638,149,1,28635.21,0
1060,639,24,3,24824.81,25
1061,640,9,1,6546.53,25
1062,641,150,1,28184.37,0
1063,642,132,2,31067.53,0
1064,642,77,1,11062.03,15
1065,642,131,2,15470.18,20
1066,643,120,2,25290.69,10
1067,643,90,1,40520.91,20
1068,644,117,4,36412.45,0
1069,644,110,1,27481.61,10
1070,644,121,2,40274.06,10
1071,644,98,3,22043.74,0
1072,645,15,2,25300.06,15
1073,645,136,1,19605.59,20
1074,646,52,1,16623.61,20
1075,647,55,2,1907.66,0
1076,648,37,4,20108.83,0
1077,648,132,1,32816.58,5
1078,648,55,1,1727.57,0
1079,648,12,1,27802.0,25
1080,649,147,2,12165.15,0
1081,649,37,1,17274.98,15
1082,650,7,3,37656.93,0
1083,650,55,3,1819.07,10
1084,651,28,1,14095.64,0
1085,652,37,1,22795.0,0
1086,653,75,2,22486.62,5
1087,653,114,1,15942.09,10
1088,653,106,1,27839.41,15
1089,654,110,1,31031.96,0
1090,655,84,2,29632.69,0
1091,656,11,1,5394.15,10
1092,657,66,3,23823.11,15
1093,657,13,2,33743.85,0
1094,658,15,5,31110.34,0
1095,659,56,1,16433.2,0
1096,660,53,1,4546.89,0
1097,661,61,1,3784.97,0
1098,662,128,1,32981.27,10
1099,663,42,1,13688.53,20
1100,664,29,2,35368.55,0
1101,664,44,2,14879.15,15
1102,664,133,1,38105.44,10
1103,664,113,1,29907.55,20
1104,665,106,1,28870.67,15
1105,665,38,1,4248.83,20
1106,665,115,3,25236.2,10
1107,665,130,1,39342.44,15
1108,666,109,1,28224.55,5
1109,667,84,1,28696.13,0
1110,667,46,1,35044.91,20
1111,668,92,3,40923.84,15
1112,668,105,1,13819.03,0
1113,669,72,2,16779.58,20
1114,670,139,1,22200.15,0
1115,671,29,2,38980.01,0
1116,672,47,3,41786.04,10
1117,673,111,3,10659.89,10
1118,674,7,1,31882.72,10
1119,674,117,3,35776.96,0
1120,675,64,1,5964.33,25
1121,676,82,1,33806.07,25
1122,676,64,2,4364.39,0
1123,677,92,4,38960.74,0
1124,678,12,1,25521.49,0
1125,679,12,2,22789.37,20
1126,680,36,1,5711.27,20
1127,681,29,1,39058.14,5
1128,681,139,3,23957.97,15
1129,682,85,1,10836.02,10
1130,682,74,1,39414.26,5
1131,683,47,1,42363.23,5
1132,684,81,2,8267.71,0
1133,684,121,1,47810.1,0
1134,685,43,1,6529.84,10
1135,685,146,1,23016.85,0
1136,685,74,3,35620.89,0
1137,686,53,2,3475.04,0
1138,686,39,2,7407.13,10
1139,687,107,2,29755.29,25
1140,688,37,1,19506.07,20
1141,688,97,2,30393.29,10
1142,689,49,1,43119.98,15
1143,690,128,1,27829.88,5
1144,690,10,1,2572.98,0
1145,690,40,2,31366.04,5
1146,691,146,1,30816.7,0
1147,692,106,1,33143.94,10
1148,693,41,1,24978.74,0
1149,694,2,1,6319.03,15
1150,695,53,1,4022.38,0
1151,695,147,2,16855.13,0
1152,695,26,1,19505.2,25
1153,696,54,1,3185.1,0
1154,697,51,2,4024.92,5
1155,698,114,2,16121.16,0
1156,698,17,2,30534.13,0
1157,698,120,1,22929.39,10
1158,699,46,2,40369.41,10
1159,700,55,1,2047.53,0
1160,701,50,2,40396.91,20
1161,701,75,1,22340.5,10
1162,702,11,1,5547.62,0
1163,703,140,2,9974.9,0
1164,704,48,1,24068.3,15
1165,705,121,1,44070.52,15
1166,705,56,2,14453.04,0
1167,706,8,1,24789.68,0
1168,706,14,2,10580.52,0
1169,706,114,2,14033.73,0
1170,707,54,1,3295.16,0
1171,708,17,1,34765.38,25
1172,709,133,3,32066.98,15
1173,710,131,1,21155.43,15
1174,710,9,2,6301.5,0
1175,711,122,1,29674.06,0
1176,712,114,3,14644.95,0
1177,712,20,1,8852.67,10
1178,712,83,1,7566.31,0
1179,713,21,1,5482.23,0
1180,714,33,2,16124.15,0
1181,714,133,1,39405.57,20
1182,714,26,2,15867.29,10
1183,715,108,1,28507.12,0
1184,715,89,1,27176.29,15
1185,716,92,3,41267.85,15
1186,716,33,1,11393.82,0
1187,717,18,1,2867.18,0
1188,718,18,1,2800.39,15
1189,718,33,4,14764.83,0
1190,719,27,1,15536.9,15
1191,720,49,1,34250.1,0
1192,721,143,2,15575.1,5
1193,722,108,1,28693.08,0
1194,722,68,1,35019.01,10
1195,722,99,3,30232.13,25
1196,723,19,1,2746.77,5
1197,723,25,2,25696.09,0
1198,724,104,1,28464.33,0
1199,725,76,3,39411.33,20
1200,725,76,4,37634.0,15
1201,726,106,1,28784.8,0
1202,727,33,2,12372.67,25
1203,727,37,2,21034.96,10
1204,727,92,1,29699.79,0
1205,728,124,1,20703.04,10
1206,728,43,4,4946.78,5
1207,729,126,1,10359.97,15
1208,729,9,1,7268.38,0
1209,730,14,3,12867.27,20
1210,731,131,2,21432.09,15
1211,731,69,1,33878.94,10
1212,731,26,1,16046.79,0
1213,731,127,1,37877.58,25
1214,732,53,3,3444.19,10
1215,732,41,4,24411.9,20
1216,732,82,1,41256.88,0
1217,733,102,3,26485.29,25
1218,733,21,1,5132.69,15
1219,734,121,2,38501.94,20
1220,735,39,1,6867.73,0
1221,735,69,1,46730.18,5
1222,736,75,1,21459.0,0
1223,736,62,1,12414.28,0
1224,737,45,1,17870.29,0
1225,738,27,1,19349.57,25
1226,739,116,4,35047.42,10
1227,740,142,4,45641.02,0
1228,740,41,2,25500.17,25
1229,741,106,1,27659.77,15
1230,742,74,1,46965.12,20
1231,743,60,1,41520.86,20
1232,743,42,1,17830.77,15
1233,744,122,1,22426.92,0
1234,745,11,1,6535.24,25
1235,746,147,1,13980.45,0
1236,747,118,2,15405.24,10
1237,747,65,2,2743.41,15
1238,747,47,1,38920.55,0
1239,748,14,2,13163.65,10
1240,748,67,1,31192.85,5
1241,749,109,1,29506.63,0
1242,750,10,1,2746.7,0
1243,750,124,2,14694.9,20
1244,750,17,1,35286.8,0
1245,751,143,1,18161.17,20
1246,752,97,1,34628.53,10
1247,752,57,1,45785.84,10
1248,752,138,1,5279.0,15
1249,752,71,2,30406.14,5
1250,753,97,1,34245.19,5
1251,754,17,2,29079.06,0
1252,755,76,1,43390.03,10
1253,756,17,1,34140.63,10
1254,757,111,2,9585.65,0
1255,758,120,1,30456.28,10
1256,758,144,1,27600.23,5
1257,759,119,1,10749.32,15
1258,759,78,2,34831.2,10
1259,759,3,2,15093.09,20
1260,760,108,1,37666.47,5
1261,761,51,2,4249.17,20
1262,762,114,2,13342.28,5
1263,763,94,1,9936.36,10
1264,764,116,1,46220.06,5
1265,764,105,2,17341.24,5
1266,765,99,2,32086.04,20
1267,766,76,1,41204.22,0
1268,766,81,2,8581.84,0
1269,767,72,1,18212.19,15
1270,768,147,2,13456.43,10
1271,769,143,1,17004.52,0
1272,770,111,1,8270.71,5
1273,771,58,1,27380.48,5
1274,772,78,1,40039.78,10
1275,772,48,1,24411.83,15
1276,773,56,2,13986.33,5
1277,774,42,1,18404.25,10
1278,775,24,2,26362.25,15
1279,775,110,1,30684.67,15
1280,776,52,2,20275.54,0
1281,777,34,1,29374.95,5
1282,777,3,1,13825.05,10
1283,778,68,1,38069.9,20
1284,779,139,1,21083.53,15
1285,780,141,1,1553.88,10
1286,780,50,1,42676.64,25
1287,780,82,5,40441.34,5
1288,781,19,3,2390.01,15
1289,781,44,2,14288.45,15
1290,782,3,1,17500.99,20
1291,783,113,2,28897.49,25
1292,784,65,1,2683.17,5
1293,784,39,1,7471.64,0
1294,784,64,1,4566.83,5
1295,785,104,1,25429.42,20
1296,786,13,1,37696.3,15
1297,787,68,1,41359.6,0
1298,787,70,1,5814.24,0
1299,788,75,2,21373.82,5
1300,788,1,3,4238.75,5
1301,789,98,1,26255.25,0
1302,789,104,1,36703.24,15
1303,790,116,2,41601.52,0
1304,790,137,1,27517.44,10
1305,791,113,3,40512.79,0
1306,791,103,3,4462.38,20
1307,792,37,1,21623.63,15
1308,792,106,1,24411.16,5
1309,792,108,4,37423.38,10
1310,793,21,4,6285.88,0
1311,793,148,1,31633.25,25
1312,794,129,1,20026.27,15
1313,795,28,2,14181.63,15
1314,796,108,1,33887.25,0
1315,796,9,4,5621.9,0
1316,797,32,2,31127.4,10
1317,797,66,2,19512.41,0
1318,797,100,1,636.36,15
1319,798,21,2,5296.66,5
1320,799,82,1,40745.63,0
1321,800,24,1,22736.7,0
1322,800,111,1,10589.18,25
1323,800,92,1,39877.75,25
1324,801,12,2,21567.38,0
1325,801,139,3,17790.07,0
1326,802,23,1,24082.87,5
1327,803,92,1,30499.11,0
1328,803,123,1,22445.16,20
1329,804,34,1,28223.56,10
1330,804,125,2,28506.83,25
1331,804,57,1,36248.29,20
1332,804,3,3,17711.78,15
1333,805,6,2,23917.32,10
1334,805,48,1,31571.71,20
1335,805,102,1,28360.64,10
1336,806,120,1,28819.12,0
1337,806,13,1,40077.99,10
1338,807,36,1,4087.55,5
1339,808,70,1,6173.01,25
1340,808,33,4,16088.92,5
1341,808,105,1,14673.9,0
1342,809,57,2,45119.73,0
1343,810,55,1,1690.18,20
1344,810,107,1,29172.1,25
1345,810,141,1,1902.39,10
1346,811,51,1,3849.04,0
1347,812,92,1,30434.47,0
1348,813,53,2,3777.76,5
1349,814,36,2,5698.46,25
1350,815,133,2,32261.09,20
1351,815,119,3,10755.9,20
1352,816,25,3,21714.05,10
1353,816,81,2,8393.32,20
1354,816,37,1,20318.62,0
1355,816,19,4,2893.61,0
1356,817,35,4,3424.97,20
1357,817,107,2,22943.74,0
1358,818,54,1,2978.14,10
1359,818,6,1,30982.94,10
1360,818,129,2,19299.02,0
1361,819,34,3,29279.37,0
1362,820,56,2,18151.41,0
1363,820,97,2,31555.47,15
1364,821,26,1,16408.64,0
1365,821,91,1,6279.88,5
1366,821,38,2,4667.4,10
1367,822,59,1,15595.49,0
1368,822,127,2,44496.05,0
1369,823,24,2,26306.79,5
1370,824,111,1,9374.12,0
1371,824,21,1,4962.42,10
1372,825,60,2,41681.34,25
1373,825,90,1,37641.15,0
1374,826,148,1,33826.92,20
1375,827,6,2,30515.94,5
1376,827,10,2,3298.46,10
1377,828,140,3,14403.81,20
1378,828,97,1,24995.85,10
1379,828,150,1,27257.69,0
1380,828,80,3,33740.49,0
1381,829,17,1,37429.91,15
1382,830,138,1,6790.83,0
1383,830,140,1,11161.09,10
1384,831,83,1,6970.14,5
1385,831,40,1,34332.83,0
1386,832,74,1,33557.17,15
1387,832,74,1,43616.48,15
1388,833,50,5,32325.26,10
1389,834,10,1,3611.6,5
1390,834,103,1,5042.22,0
1391,834,94,1,8710.78,5
1392,835,132,2,30702.99,15
1393,836,129,3,20271.27,10
1394,837,43,2,5659.37,25
1395,837,83,3,7188.24,0
1396,837,133,3,27726.13,25
1397,838,104,3,35567.37,10
1398,838,34,1,21854.68,15
1399,839,24,1,29169.77,0
1400,839,142,1,38322.26,5
1401,839,41,1,26577.19,15
1402,840,13,2,35537.55,15
1403,841,132,1,37519.4,0
1404,842,28,2,16084.72,0
1405,842,83,1,6288.13,10
1406,842,129,1,20001.83,20
1407,843,107,1,22127.52,5
1408,844,13,2,33342.98,5
1409,844,114,2,11303.64,20
1410,845,106,4,26587.4,10
1411,845,5,3,6256.57,5
1412,845,97,1,27383.06,0
1413,846,14,1,11298.2,10
1414,846,80,2,30910.49,5
1415,847,120,2,26407.47,0
1416,848,35,1,2781.82,10
1417,848,3,1,15951.93,0
1418,849,4,1,30039.14,0
1419,849,135,1,2410.13,5
1420,849,131,4,16891.69,10
1421,850,81,2,7786.69,0
1422,851,111,1,8864.47,0
1423,852,59,1,20503.67,5
1424,853,74,2,43782.77,0
1425,854,129,2,22190.81,10
1426,854,59,2,20932.01,25
1427,854,118,2,16389.98,10
1428,855,138,2,5576.04,0
1429,855,103,1,4656.96,0
1430,855,131,4,18801.93,0
1431,856,135,1,2658.49,0
1432,856,9,1,7351.46,0
1433,856,99,1,37393.28,0
1434,856,141,1,1685.02,20
1435,857,114,1,14722.21,20
1436,857,62,2,14074.0,10
1437,858,62,1,12344.92,0
1438,858,10,3,3085.0,15
1439,859,87,2,24901.27,0
1440,860,11,1,6830.11,0
1441,860,62,1,14216.41,0
1442,861,77,1,11170.01,5
1443,861,104,1,26444.04,5
1444,862,56,1,18974.55,0
1445,862,110,1,31083.7,0
1446,862,49,1,36645.47,20
1447,863,16,1,6897.61,5
1448,863,73,1,30403.38,0
1449,863,116,3,48651.92,5
1450,864,93,1,41827.42,0
1451,864,137,1,29102.01,10
1452,864,33,1,15216.29,0
1453,865,88,1,18475.35,10
1454,865,39,2,7599.19,10
1455,865,114,1,12030.69,15
1456,866,77,1,14552.56,0
1457,866,87,2,24268.99,5
1458,866,114,1,15402.16,25
1459,867,56,1,17033.06,10
1460,868,138,1,4956.15,25
1461,868,41,1,28426.73,20
1462,868,104,1,29533.15,10
1463,869,99,4,33449.55,0
1464,869,59,1,21111.56,15
1465,870,122,1,28507.18,10
1466,871,120,2,27746.95,10
1467,872,41,2,26602.05,10
1468,872,66,2,22698.97,10
1469,873,62,2,14024.33,5
1470,874,40,1,33493.46,5
1471,875,40,1,37644.68,0
1472,875,102,2,31879.89,20
1473,876,15,3,28683.11,20
1474,876,124,1,19678.06,10
1475,876,131,1,17605.08,0
1476,877,24,2,25946.8,0
1477,877,48,1,32264.69,0
1478,877,48,3,22386.5,0
1479,878,47,1,36119.35,5
1480,879,105,2,16778.02,0
1481,880,113,1,27825.24,0
1482,881,8,1,24917.11,10
1483,882,18,1,2466.07,25
1484,883,108,1,30816.71,0
1485,883,84,1,34938.54,5
1486,883,65,3,2888.82,25
1487,883,109,1,26768.81,20
1488,884,46,1,40446.16,5
1489,884,66,1,22877.52,0
1490,885,80,2,39950.03,0
1491,886,150,1,20224.15,0
1492,887,140,5,10255.69,5
1493,888,147,2,13814.59,0
1494,889,150,2,19735.24,15
1495,890,106,1,29807.68,0
1496,890,126,2,8486.67,15
1497,890,145,1,21414.38,0
1498,890,13,2,36936.73,10
1499,891,28,1,15769.67,10
1500,892,123,1,25534.71,10
1501,893,67,1,30166.21,0
1502,894,5,1,6188.15,0
1503,894,100,1,728.71,0
1504,895,143,1,18037.1,10
1505,896,81,2,8883.45,0
1506,897,44,4,14705.59,5
1507,898,119,2,10987.75,0
1508,898,46,1,29824.61,0
1509,899,68,1,35587.68,10
1510,900,128,1,33618.97,5
1511,901,49,1,34342.22,0
1512,902,102,4,30577.2,10
1513,903,77,1,11819.64,15
1514,904,20,3,9165.37,0
1515,905,111,2,10845.15,0
1516,906,146,2,24130.98,10
1517,907,115,4,29208.06,25
1518,908,12,1,20417.36,0
1519,909,79,1,34550.68,10
1520,910,119,3,11148.99,20
1521,910,36,1,4620.94,5
1522,910,8,1,23963.93,0
1523,911,28,1,14265.04,10
1524,911,116,2,45092.64,0
1525,912,86,1,39167.11,5
1526,912,49,3,45214.56,0
1527,913,80,1,32306.88,0
1528,913,5,2,4933.36,0
1529,913,46,2,32690.43,15
1530,914,98,1,20325.77,25
1531,914,102,1,28254.1,5
1532,914,2,3,7108.57,0
1533,914,25,2,25863.87,10
1534,915,1,2,4225.4,10
1535,915,68,1,36975.76,10
1536,916,69,1,46526.46,10
1537,916,16,1,7480.0,20
1538,917,18,1,3083.56,0
1539,918,107,2,30972.53,0
1540,919,17,1,36691.39,0
1541,919,125,2,35222.12,5
1542,920,82,1,39124.64,20
1543,920,4,1,27589.14,20
1544,920,115,3,34767.49,20
1545,920,95,4,8474.8,0
1546,921,95,3,7320.5,10
1547,922,137,2,36099.72,5
1548,922,31,2,21272.48,20
1549,923,133,3,38530.4,0
1550,924,16,2,5585.93,0
1551,925,42,4,17695.7,15
1552,926,30,1,29729.79,10
1553,927,26,3,21191.96,15
1554,928,31,1,17573.47,0
1555,928,50,1,43082.76,20
1556,929,143,1,13462.09,10
1557,929,52,3,15573.67,10
1558,929,38,1,3937.34,10
1559,930,20,5,9718.22,15
1560,930,99,1,37697.94,5
1561,930,44,1,11692.6,0
1562,931,111,1,9565.95,10
1563,932,89,1,26147.24,15
1564,932,63,2,18717.27,0
1565,932,118,2,13271.95,0
1566,933,150,1,22704.44,10
1567,934,72,1,17028.87,0
1568,935,54,1,3802.9,0
1569,935,137,3,37431.03,20
1570,936,143,1,18444.52,0
1571,937,48,1,22708.74,0
1572,938,148,1,37393.98,5
1573,939,101,3,35994.56,5
1574,939,60,1,41062.04,5
1575,940,98,1,22058.45,20
1576,941,100,2,791.53,10
1577,941,99,4,34592.04,5
1578,942,73,2,27646.41,5
1579,942,119,1,9946.4,5
1580,943,128,1,29162.09,0
1581,943,140,4,12461.03,20
1582,944,88,1,20623.18,0
1583,944,105,1,18773.61,10
1584,944,19,1,2809.32,15
1585,945,80,4,38667.96,15
1586,946,26,2,16434.08,0
1587,947,121,2,50414.96,10
1588,948,33,1,14838.17,0
1589,949,106,1,26319.64,15
1590,949,30,1,36121.47,5
1591,950,126,1,7731.89,0
1592,951,36,3,4058.9,10
1593,952,125,1,32027.0,0
1594,952,124,1,18014.18,0
1595,953,118,4,14166.74,5
1596,953,123,1,25678.24,0
1597,954,37,2,22903.35,25
1598,954,61,2,3418.65,5
1599,955,96,3,27222.13,10
1600,955,120,3,30538.29,20
1601,956,12,2,21788.79,5
1602,956,122,1,29462.49,5
1603,957,35,1,2655.38,0
1604,957,67,4,34849.43,20
1605,958,38,1,4193.32,15
1606,959,24,2,31083.08,0
1607,959,81,1,7559.63,0
1608,959,72,1,16733.62,20
1609,959,79,1,37880.37,10
1610,960,114,1,16542.54,10
1611,960,45,5,15933.05,10
1612,961,125,3,35779.14,15
1613,962,96,1,29967.38,20
1614,963,13,2,41512.52,15
1615,963,110,1,26207.9,20
1616,964,6,2,25013.94,15
1617,964,97,3,25592.98,0
1618,964,71,1,26394.08,0
1619,965,47,1,39266.8,20
1620,966,93,2,33186.34,0
1621,967,101,4,33008.22,15
1622,967,44,2,16118.83,15
1623,967,32,3,31594.62,5
1624,968,3,3,14825.91,5
1625,968,84,2,36087.75,0
1626,968,4,3,28277.06,0
1627,969,145,1,18001.76,15
1628,970,88,1,22237.93,0
1629,971,106,2,26133.03,20
1630,971,105,1,18609.34,0
1631,972,36,1,5761.72,15
1632,973,58,2,31752.9,0
1633,973,8,1,21048.68,10
1634,973,86,4,34884.11,0
1635,974,97,4,27031.37,0
1636,975,59,1,19759.0,10
1637,976,30,1,34433.72,20
1638,977,101,2,27019.05,0
1639,978,67,1,38658.74,0
1640,979,132,1,31675.43,10
1641,980,93,2,44680.8,20
1642,980,63,2,15676.47,0
1643,981,32,1,30491.37,0
1644,982,87,3,19485.37,0
1645,982,51,2,4427.19,0
1646,982,63,1,18380.89,0
1647,983,80,2,35712.28,5
1648,984,87,1,26913.72,5
1649,984,110,1,28334.44,5
1650,985,101,3,37858.47,0
1651,986,129,3,26395.56,5
1652,987,19,1,2623.98,0
1653,987,101,3,33301.94,0
1654,988,94,1,9557.91,5
1655,988,81,1,6926.78,0
1656,989,103,1,6288.88,15
1657,989,113,1,35677.35,0
1658,990,13,1,43532.27,15
1659,990,118,3,13488.74,5
1660,991,86,1,39670.06,5
1661,991,23,1,20284.57,10
1662,992,107,2,29698.79,0
1663,993,12,1,23672.01,0
1664,993,137,2,29924.6,0
1665,993,78,1,46169.34,5
1666,994,67,1,37685.66,5
1667,994,108,2,40368.73,10
1668,995,44,1,12917.0,0
1669,995,149,1,30087.34,25
1670,995,7,1,40077.26,0
1671,995,128,1,32171.54,0
1672,996,97,2,24221.72,20
1673,996,11,1,5483.83,0
1674,997,106,2,34511.27,25
1675,998,83,2,7011.93,0
1676,999,36,1,5749.42,0
1677,999,118,4,14319.21,0
1678,1000,41,4,31390.38,5
1679,1000,92,2,37392.09,5
1680,1001,49,1,42373.26,0
1681,1001,143,1,15366.44,0
1682,1002,141,1,2033.35,0
1683,1002,53,1,3887.52,0
1684,1003,107,1,28424.21,20
1685,1004,33,2,11788.82,5
1686,1005,119,1,10767.01,15
1687,1006,32,4,33449.21,0
1688,1006,118,1,14100.36,0
1689,1007,62,2,13953.56,10
1690,1007,82,3,32743.69,15
1691,1008,130,1,46844.0,20
1692,1009,77,4,16246.95,10
1693,1009,16,1,6304.34,0
1694,1010,123,4,23138.03,0
1695,1011,8,4,22912.51,10
1696,1012,147,1,12218.99,0
1697,1012,67,3,33956.96,15
1698,1013,115,1,27169.71,10
1699,1014,113,1,34100.41,20
1700,1014,32,1,23754.49,10
1701,1015,105,1,13948.61,15
1702,1015,25,2,21754.24,0
1703,1015,53,1,3996.15,5
1704,1016,81,2,7940.91,0
1705,1016,25,1,23996.71,10
1706,1016,33,4,14765.18,10
1707,1017,31,1,23756.2,15
1708,1018,36,1,4461.98,10
1709,1019,87,2,26261.34,10
1710,1019,123,3,28985.07,0
1711,1020,44,2,11177.55,20
1712,1020,48,1,26001.52,0
1713,1021,13,1,40166.69,15
1714,1021,144,1,36225.77,5
1715,1022,91,1,6475.94,15
1716,1023,131,1,21934.7,5
1717,1024,143,1,17143.37,10
1718,1024,66,1,19547.81,5
1719,1025,28,2,13390.57,15
1720,1025,125,2,27792.73,0
1721,1026,80,1,35856.89,10
1722,1027,132,2,35952.69,0
1723,1028,72,1,17881.76,10
1724,1028,44,1,14819.83,0
1725,1029,119,2,9064.88,0
1726,1030,46,2,37299.99,15
1727,1031,84,2,25341.06,15
1728,1032,26,1,17619.69,10
1729,1033,96,3,34596.2,20
1730,1033,13,1,38493.53,0
1731,1034,125,3,35794.74,0
1732,1035,69,1,46593.24,0
1733,1036,51,1,4904.44,0
1734,1037,13,1,34559.74,0
1735,1038,139,1,19350.99,10
1736,1038,60,1,28812.76,0
1737,1039,32,4,30336.81,0
1738,1040,18,1,3021.42,10
1739,1040,93,2,39598.48,0
1740,1041,148,3,36694.56,5
1741,1042,44,2,15207.69,0
1742,1043,37,1,22188.67,25
1743,1044,127,5,38112.16,0
1744,1045,19,1,3054.34,20
1745,1045,32,1,30915.34,5
1746,1046,106,2,27383.99,0
1747,1047,22,1,35233.31,0
1748,1047,122,2,32332.32,10
1749,1047,129,1,22890.18,25
1750,1048,54,1,3714.43,0
1751,1049,148,1,30003.67,0
1752,1050,58,4,32468.05,5
1753,1051,70,3,4971.78,5
1754,1051,63,1,16587.74,15
1755,1052,3,1,14912.49,5
1756,1053,99,1,31958.63,0
1757,1054,45,2,20083.46,20
1758,1055,143,3,13642.68,5
1759,1056,17,4,27769.95,10
1760,1056,143,2,15292.59,10
1761,1056,5,2,5647.21,0
1762,1057,11,1,5548.33,0
1763,1058,92,1,31496.84,0
1764,1058,142,2,36350.37,25
1765,1059,39,1,5739.23,15
1766,1059,42,3,16274.77,0
1767,1060,94,1,9785.55,10
1768,1061,5,1,5228.54,10
1769,1062,52,1,20426.47,0
1770,1062,150,4,20717.3,5
1771,1063,44,2,12861.43,10
1772,1064,115,1,27737.73,0
1773,1065,127,3,48949.19,20
1774,1065,116,1,40816.06,10
1775,1066,149,1,30540.24,0
1776,1066,68,1,43554.95,20
1777,1067,47,2,33227.28,0
1778,1067,127,1,48989.79,20
1779,1068,35,2,2786.08,0
1780,1068,7,1,31671.33,10
1781,1069,116,1,38749.43,15
1782,1070,52,1,17859.2,0
1783,1071,110,3,23207.62,5
1784,1072,46,2,37647.47,5
1785,1072,137,1,30837.32,10
1786,1073,23,1,22973.32,0
1787,1073,131,1,14969.65,25
1788,1073,127,1,49676.96,15
1789,1073,9,1,5620.98,0
1790,1074,53,1,4055.43,10
1791,1075,48,2,29593.08,5
1792,1076,123,1,23817.38,20
1793,1077,82,3,34079.1,0
1794,1077,109,2,21850.01,0
1795,1077,7,1,34667.82,0
1796,1078,99,2,31340.18,25
1797,1078,31,1,22077.7,5
1798,1079,102,2,31392.95,0
1799,1080,56,1,16944.2,5
1800,1080,99,1,29663.04,0
1801,1080,5,1,6666.63,0
1802,1080,30,1,28749.21,10
1803,1081,22,1,28055.0,0
1804,1081,145,1,17491.08,5
1805,1081,138,1,5134.13,5
1806,1082,27,3,18547.9,10
1807,1083,127,1,44997.57,0
1808,1083,135,1,2493.24,10
1809,1083,23,1,22323.0,0
1810,1084,75,1,25036.38,5
1811,1085,117,2,35409.53,0
1812,1086,136,1,18428.75,5
1813,1087,8,2,19487.23,5
1814,1087,101,1,27455.35,10
1815,1087,5,1,5959.6,10
1816,1088,86,2,33403.91,5
1817,1088,130,1,40599.74,0
1818,1089,12,1,20913.07,10
1819,1090,47,1,43605.77,25
1820,1090,26,1,21874.46,0
1821,1090,102,1,30162.73,0
1822,1090,120,1,29050.38,0
1823,1091,70,1,6477.63,5
1824,1092,2,2,9049.0,0
1825,1092,26,3,17224.56,15
1826,1093,14,2,13216.98,5
1827,1093,82,2,35890.83,0
1828,1094,102,2,33942.17,25
1829,1095,32,5,31486.89,0
1830,1096,62,1,13970.31,0
1831,1096,115,1,26426.76,0
1832,1096,30,1,37370.29,0
1833,1097,141,1,1703.69,15
1834,1098,31,1,18423.54,0
1835,1098,37,1,19862.03,10
1836,1099,102,1,36923.82,15
1837,1100,128,4,35408.2,0
1838,1100,86,4,39420.41,5
1839,1101,59,2,14358.44,5
1840,1102,28,1,13621.16,20
1841,1103,122,3,23041.09,0
1842,1104,61,3,3154.2,0
1843,1104,147,3,14254.0,20
1844,1104,16,2,6263.89,0
1845,1105,69,1,33491.04,0
1846,1106,44,1,15640.81,10
1847,1107,113,3,35989.96,0
1848,1107,138,1,6654.46,5
1849,1107,19,1,2539.07,15
1850,1108,84,1,30016.93,5
1851,1108,93,1,35053.08,5
1852,1109,141,3,1715.53,0
1853,1110,144,1,34668.7,15
1854,1110,100,1,681.14,15
1855,1110,39,5,7456.56,0
1856,1110,67,1,39468.05,0
1857,1111,73,3,25978.34,15
1858,1111,50,1,34223.55,5
1859,1112,53,2,4476.95,5
1860,1113,46,1,39245.38,5
1861,1114,52,1,20100.25,0
1862,1114,124,1,19321.35,0
1863,1115,5,4,4893.32,15
1864,1115,74,1,33075.57,5
1865,1116,95,1,7702.08,5
1866,1117,75,3,18413.57,0
1867,1118,116,1,40697.58,0
1868,1119,130,2,34907.54,0
1869,1119,68,2,47631.1,0
1870,1120,80,1,37115.23,5
1871,1121,105,1,16010.12,5
1872,1122,69,4,32821.67,0
1873,1122,142,1,40124.28,25
1874,1123,143,1,13634.91,5
1875,1123,134,2,22706.03,15
1876,1124,16,1,7460.94,0
1877,1125,87,2,23673.6,0
1878,1126,124,1,15262.62,10
1879,1127,140,3,13595.97,0
1880,1128,41,1,24381.2,0
1881,1128,119,1,9149.43,0
1882,1128,19,3,2641.16,0
1883,1128,76,1,49348.42,5
1884,1129,109,1,23260.23,10
1885,1129,119,2,11850.19,0
1886,1130,113,2,28519.26,0
1887,1131,2,1,6374.0,15
1888,1132,20,1,11183.66,0
1889,1133,119,2,9022.64,10
1890,1133,95,1,8263.25,20
1891,1134,137,3,28175.8,0
1892,1135,21,1,5028.87,0
1893,1135,8,2,19761.52,25
1894,1136,29,1,38644.52,0
1895,1136,35,1,3193.29,0
1896,1137,38,1,5155.91,5
1897,1138,90,1,40774.21,0
1898,1138,68,1,45048.44,25
1899,1138,131,1,19875.66,0
1900,1139,109,3,28963.51,5
1901,1139,111,1,9032.11,10
1902,1140,12,4,21768.64,5
1903,1140,32,1,31896.52,5
1904,1141,63,2,14736.5,25
1905,1141,43,3,6811.87,20
1906,1141,107,4,26925.43,0
1907,1141,38,1,4047.48,10
1908,1142,29,2,39188.02,0
1909,1143,55,1,1601.72,5
1910,1144,52,1,22478.62,0
1911,1144,115,2,35348.26,10
1912,1144,19,1,2843.5,0
1913,1145,35,1,2520.55,15
1914,1145,48,1,24821.24,0
1915,1146,110,1,27699.72,20
1916,1146,31,1,23494.62,5
1917,1146,3,3,13119.04,15
1918,1147,88,1,18503.21,10
1919,1148,52,2,15937.1,25
1920,1148,71,2,25742.08,15
1921,1149,51,1,5408.83,10
1922,1150,56,2,13750.72,0
1923,1151,99,2,31951.81,5
1924,1152,21,1,5778.08,0
1925,1153,129,1,25049.41,0
1926,1154,108,4,38029.39,10
1927,1154,53,4,4240.84,0
1928,1155,6,2,22290.57,5
1929,1156,82,1,38496.77,0
1930,1157,79,1,38379.24,0
1931,1158,47,1,45849.49,0
1932,1159,96,2,32637.04,0
1933,1159,106,2,32209.9,0
1934,1159,82,1,47069.01,10
1935,1160,31,2,20288.5,0
1936,1161,143,1,13760.51,20
1937,1162,58,2,35743.57,25
1938,1162,23,1,25768.65,0
1939,1162,41,2,28338.91,0
1940,1163,15,1,29679.13,0
1941,1163,87,1,22584.41,20
1942,1164,3,1,12609.31,10
1943,1164,1,3,3188.55,10
1944,1165,75,2,25284.26,20
1945,1165,139,1,20240.04,20
1946,1166,76,2,34436.48,15
1947,1166,4,2,32307.77,15
1948,1166,25,2,26729.02,20
1949,1167,94,1,9562.32,20
1950,1168,96,1,31983.06,5
1951,1168,108,1,28769.77,25
1952,1168,99,1,37545.91,10
1953,1168,95,2,10599.86,5
1954,1169,100,1,560.34,5
1955,1169,91,1,7986.41,10
1956,1169,44,1,12238.43,5
1957,1170,128,1,28770.93,15
1958,1170,23,4,20807.57,0
1959,1171,23,4,25250.87,20
1960,1171,55,1,1729.79,0
1961,1172,77,2,13415.24,0
1962,1172,63,1,18480.44,20
1963,1173,103,2,4557.79,0
1964,1174,60,1,29868.66,15
1965,1175,80,1,29377.81,0
1966,1175,95,3,9537.86,20
1967,1175,69,3,39748.89,0
1968,1175,114,1,15934.52,0
1969,1176,104,3,30910.43,20
1970,1177,108,2,30345.86,0
1971,1178,89,1,32992.68,20
1972,1178,21,1,4950.16,15
1973,1179,131,1,21599.0,0
1974,1180,10,2,2813.62,5
1975,1181,87,5,20293.06,0
1976,1181,91,1,7037.45,0
1977,1182,137,2,27089.68,5
1978,1182,123,2,22394.18,10
1979,1183,4,1,27436.04,25
1980,1184,90,1,33397.84,0
1981,1184,96,1,25450.34,0
1982,1184,29,2,32626.5,10
1983,1184,86,3,35659.86,0
1984,1185,47,1,36997.59,10
1985,1186,77,1,11767.7,5
1986,1187,87,2,23994.34,20
1987,1188,31,1,22367.82,10
1988,1188,51,1,5028.64,5
1989,1189,36,1,4681.36,10
1990,1190,95,1,7648.79,15
1991,1191,15,2,26563.43,15
1992,1191,78,1,45223.89,0
1993,1191,40,3,31196.95,5
1994,1192,45,1,16616.3,5
1995,1193,90,1,31630.15,5
1996,1193,56,1,19562.08,0
1997,1194,54,3,3587.59,15
1998,1194,85,1,8624.68,0
1999,1195,9,1,5931.27,0
2000,1195,118,2,18555.27,0
2001,1195,65,1,2766.37,0
2002,1195,108,1,34455.66,0
2003,1196,129,1,24084.46,15
2004,1196,141,2,1687.02,25
2005,1197,38,4,3606.98,5
2006,1198,105,1,15095.39,0
2007,1199,40,1,36475.42,15
2008,1199,143,1,16146.31,0
2009,1199,130,2,45124.3,0
2010,1200,75,1,21771.86,0
2011,1200,33,1,16366.85,5
2012,1200,85,2,10763.62,15
2013,1201,59,1,17627.06,20
2014,1202,95,1,8268.93,10
2015,1202,26,4,19057.32,5
2016,1203,103,5,5891.12,0
2017,1204,21,1,5373.6,5
2018,1204,80,1,40510.89,20
2019,1204,71,1,22535.18,5
2020,1204,66,1,19243.12,0
2021,1205,37,3,20946.95,0
2022,1205,14,2,10852.29,5
2023,1205,108,2,33206.61,10
2024,1206,135,1,2751.56,5
2025,1206,150,1,25209.21,15
2026,1206,81,1,9106.03,10
2027,1206,80,1,39122.49,10
2028,1207,103,1,5997.15,20
2029,1207,35,1,3067.33,20
2030,1207,102,1,27910.57,0
2031,1208,131,1,18630.43,10
2032,1208,118,1,14562.56,10
2033,1208,95,1,10604.23,0
2034,1209,55,1,1571.48,15
2035,1210,9,1,5770.54,0
2036,1210,69,1,41241.71,15
2037,1210,28,3,15923.87,0
2038,1211,143,1,13047.0,15
2039,1211,113,2,29528.34,0
2040,1212,31,3,23171.99,5
2041,1212,59,1,17632.57,0
2042,1212,82,1,34609.84,0
2043,1212,54,1,3235.95,25
2044,1213,42,1,15294.09,0
2045,1213,23,1,19548.13,5
2046,1214,109,2,29691.6,10
2047,1215,86,1,34058.36,0
2048,1215,65,5,2606.45,0
2049,1216,89,2,34874.44,0
2050,1216,54,2,3653.2,10
2051,1217,118,1,14573.42,20
2052,1218,105,1,16274.63,15
2053,1219,11,1,6797.05,25
2054,1219,63,1,15554.18,10
2055,1220,22,2,30427.21,25
2056,1221,117,1,35786.78,0
2057,1222,58,1,32277.12,5
2058,1223,20,3,10946.88,5
2059,1223,144,1,32909.31,0
2060,1223,93,2,30739.49,15
2061,1224,50,1,42661.53,0
2062,1224,90,1,31921.29,10
2063,1225,104,2,30499.28,5
2064,1226,127,4,43175.91,0
2065,1226,113,1,37187.86,0
2066,1227,74,1,38334.02,0
2067,1227,13,1,43687.58,25
2068,1228,15,2,22788.35,10
2069,1229,73,2,27842.68,10
2070,1230,27,1,19628.05,0
2071,1230,136,1,21620.95,5
2072,1231,88,4,22508.12,0
2073,1232,36,1,4529.0,15
2074,1232,149,2,24752.44,0
2075,1233,52,2,17932.24,10
2076,1234,139,1,20606.53,10
2077,1235,8,2,19060.43,5
2078,1235,57,1,48755.01,10
2079,1235,110,4,31756.58,15
2080,1235,130,1,32975.37,0
2081,1236,64,1,5505.66,10
2082,1237,11,1,6629.08,15
2083,1237,134,2,18717.61,5
2084,1238,96,1,31685.42,0
2085,1239,76,1,40887.95,0
2086,1240,64,1,4747.29,20
2087,1241,101,1,33923.58,5
2088,1242,93,2,44892.42,0
2089,1243,44,1,12921.3,0
2090,1244,142,2,39546.06,0
2091,1244,83,2,6744.35,0
2092,1245,133,3,39353.48,5
2093,1245,99,2,41000.65,0
2094,1246,25,1,23435.17,15
2095,1247,102,1,37381.16,20
2096,1247,73,4,22750.31,5
2097,1247,122,3,23244.86,20
2098,1248,71,1,27188.46,5
2099,1249,117,4,33756.69,10
2100,1250,82,2,40562.34,0
2101,1250,130,3,42595.55,0
2102,1251,116,2,34737.22,0
2103,1252,10,3,2864.73,0
2104,1253,130,3,39619.75,15
2105,1254,60,1,32339.66,0
2106,1254,45,4,15550.19,0
2107,1255,136,1,15797.28,20
2108,1255,119,1,11439.57,10
2109,1256,7,2,44523.18,5
2110,1257,72,2,14031.67,0
2111,1258,21,3,4856.64,20
2112,1258,97,1,31205.72,0
2113,1259,47,1,45334.16,10
2114,1259,1,1,3372.97,10
2115,1260,140,1,13918.89,5
2116,1261,128,2,30069.6,20
2117,1262,94,1,9955.27,0
2118,1263,132,1,30968.65,15
2119,1264,34,1,31914.59,10
2120,1264,87,2,22748.2,10
2121,1264,32,1,34281.04,25
2122,1265,3,2,14697.4,10
2123,1266,68,1,42384.47,15
2124,1267,57,1,46388.25,0
2125,1267,114,3,15110.68,15
2126,1267,33,1,14619.34,15
2127,1268,131,2,17897.28,25
2128,1268,132,2,40092.79,20
2129,1269,30,2,38635.22,0
2130,1269,70,2,4591.15,5
2131,1270,49,2,39586.88,20
2132,1271,30,2,37589.65,10
2133,1271,82,1,42455.69,5
2134,1272,144,1,37112.99,0
2135,1272,134,3,23922.52,5
2136,1273,24,4,28938.28,10
2137,1274,115,1,32289.72,15
2138,1274,92,1,40974.62,5
2139,1274,21,1,6131.78,0
2140,1274,8,2,24219.19,10
2141,1275,36,1,4102.27,20
2142,1275,124,2,15871.81,5
2143,1275,9,3,6581.02,20
2144,1276,40,4,34132.29,5
2145,1276,129,1,20560.87,20
2146,1277,117,4,29769.15,15
2147,1278,68,2,38843.26,25
2148,1279,3,1,16497.91,15
2149,1280,108,1,38947.89,0
2150,1281,122,2,31935.98,20
2151,1281,9,4,6138.86,10
2152,1282,4,1,26126.49,0
2153,1283,6,1,25070.06,0
2154,1283,73,1,25025.94,5
2155,1283,26,4,19514.03,15
2156,1284,130,4,38027.04,10
2157,1285,114,1,11338.92,5
2158,1286,85,1,9076.95,0
2159,1286,86,3,32144.03,5
2160,1287,131,2,15127.13,0
2161,1288,35,4,2928.97,5
2162,1288,114,3,12335.78,25
2163,1288,59,1,17420.6,20
2164,1289,38,2,4009.6,0
2165,1289,33,1,14533.61,10
2166,1289,121,2,50765.86,5
2167,1289,143,2,16295.25,0
2168,1290,100,4,721.71,25
2169,1291,142,4,45035.18,5
2170,1292,45,1,17912.12,5
2171,1293,48,1,23802.07,10
2172,1293,118,1,14749.79,0
2173,1294,29,3,34085.46,0
2174,1295,84,2,32834.61,0
2175,1295,113,4,27866.77,5
2176,1296,117,2,40128.0,0
2177,1297,43,1,4915.65,20
2178,1297,19,1,3084.64,10
2179,1298,8,1,25336.34,20
2180,1298,11,2,7091.23,15
2181,1299,8,3,24170.3,10
2182,1300,113,1,29692.21,0
2183,1301,148,3,35675.23,10
2184,1302,38,1,3883.61,0
2185,1303,135,1,2691.56,0
2186,1304,117,1,32812.22,10
2187,1305,74,1,37046.87,10
2188,1305,72,3,18819.65,0
2189,1305,106,1,24203.52,5
2190,1306,118,1,14197.81,0
2191,1306,20,3,10074.59,10
2192,1306,11,5,6425.19,25
2193,1307,144,2,35145.99,15
2194,1307,42,1,18010.05,15
2195,1307,90,1,43027.75,5
2196,1308,52,1,16279.73,0
2197,1309,52,1,19232.03,10
2198,1309,137,3,35628.16,0
2199,1310,95,1,9359.85,5
2200,1311,135,1,2287.28,10
2201,1312,2,2,6179.34,20
2202,1313,25,3,22213.47,5
2203,1314,76,1,36187.36,25
2204,1315,94,1,7951.68,5
2205,1316,94,1,7214.79,0
2206,1316,41,1,25583.16,5
2207,1316,87,1,20391.19,20
2208,1316,81,2,8597.13,10
2209,1317,124,1,20180.18,15
2210,1318,77,1,13111.17,10
2211,1318,38,1,4405.0,10
2212,1318,42,4,19863.6,0
2213,1319,78,2,39840.06,0
2214,1320,64,3,6404.52,0
2215,1321,132,1,31050.3,5
2216,1322,125,2,36120.46,15
2217,1322,141,1,1755.4,15
2218,1323,27,1,14221.04,0
2219,1324,59,2,20978.35,10
2220,1325,65,2,3726.68,5
2221,1326,25,5,25546.67,10
2222,1327,37,2,22966.5,10
2223,1327,124,1,15204.08,0
2224,1328,71,1,27457.73,20
2225,1329,142,1,34153.39,20
2226,1330,94,1,7636.18,0
2227,1330,67,2,37874.03,10
2228,1330,103,1,5257.39,0
2229,1331,91,4,5713.43,0
2230,1332,90,2,36281.85,25
2231,1332,70,1,5068.16,10
2232,1333,59,1,18999.82,0
2233,1333,12,1,20806.82,10
2234,1334,51,3,5331.68,15
2235,1334,10,5,2833.65,20
2236,1334,9,1,6174.06,0
2237,1334,87,2,21463.91,15
2238,1335,94,2,8933.98,20
2239,1336,52,4,16133.51,10
2240,1336,22,1,29405.03,5
2241,1337,73,1,24606.38,0
2242,1338,83,1,8295.46,0
2243,1338,72,1,13538.62,5
2244,1339,118,1,18148.12,20
2245,1340,68,1,36524.01,15
2246,1341,5,2,4921.77,5
2247,1341,83,1,6394.32,15
2248,1341,121,2,36134.26,15
2249,1342,6,2,26217.12,10
2250,1343,69,3,46776.45,0
2251,1343,58,1,27524.44,0
2252,1343,43,1,5789.06,0
2253,1344,72,1,15494.41,0
2254,1344,91,1,6618.84,0
2255,1344,37,2,18273.13,15
2256,1345,58,1,38671.38,0
2257,1346,127,1,34108.08,5
2258,1347,37,1,21614.74,25
2259,1348,16,1,6043.29,15
2260,1348,150,4,22958.3,15
2261,1348,110,5,26687.24,0
2262,1348,131,1,17096.23,10
2263,1349,12,1,19888.28,5
2264,1350,23,3,18625.32,10
2265,1350,111,3,9039.27,5
2266,1351,139,3,22814.01,10
2267,1351,52,1,16379.81,25
2268,1352,127,1,45806.72,0
2269,1352,29,1,32528.26,0
2270,1352,121,3,48996.47,5
2271,1353,144,3,32332.26,5
2272,1353,101,1,28369.04,0
2273,1354,11,1,7081.43,15
2274,1354,139,2,17760.65,5
2275,1355,89,2,30286.7,5
2276,1356,58,2,34452.82,10
2277,1357,19,2,2540.38,15
2278,1358,50,1,44674.8,25
2279,1358,122,1,31202.07,0
2280,1358,72,2,18270.22,0
2281,1359,55,2,2042.82,0
2282,1359,99,1,35347.66,20
2283,1360,70,1,4782.11,10
2284,1360,149,2,31363.65,20
2285,1361,117,1,33687.3,25
2286,1361,26,1,16146.09,10
2287,1362,129,2,22107.0,0
2288,1363,114,2,16201.42,5
2289,1364,65,2,2758.79,0
2290,1365,10,1,3532.58,15
2291,1366,95,1,8611.91,0
2292,1366,121,1,36696.79,10
2293,1367,126,3,10035.35,0
2294,1368,37,3,23083.24,0
2295,1368,69,1,36188.83,0
2296,1369,41,1,24337.58,10
2297,1369,45,1,18032.36,0
2298,1370,123,1,30581.17,10
2299,1371,126,1,7174.36,10
2300,1372,27,2,15575.06,25
2301,1373,84,2,33565.27,20
2302,1374,136,2,18111.2,10
2303,1374,49,3,35780.79,15
2304,1375,96,1,35907.07,5
2305,1376,121,3,49554.39,10
2306,1376,114,1,16321.01,5
2307,1376,14,1,10972.38,0
2308,1377,62,1,14815.78,10
2309,1377,43,2,6414.78,0
2310,1378,96,1,27205.73,5
2311,1379,27,1,18174.28,5
2312,1379,68,1,34238.29,20
2313,1380,127,3,45252.85,0
2314,1380,48,1,29780.58,5
2315,1381,67,2,38005.99,20
2316,1381,25,4,23370.66,0
2317,1382,119,2,10753.44,20
2318,1383,9,1,5641.71,20
2319,1384,136,1,22035.96,5
2320,1385,95,2,9493.34,10
2321,1386,59,1,14972.78,25
2322,1386,17,1,29386.93,10
2323,1387,95,1,9453.69,0
2324,1387,132,2,35702.06,20
2325,1388,101,1,35447.71,0
2326,1388,136,1,17205.47,0
2327,1388,42,1,17935.06,20
2328,1389,49,2,33514.78,0
2329,1390,6,2,26445.24,15
2330,1391,73,2,30930.48,5
2331,1391,32,1,30623.96,15
2332,1392,143,3,13223.91,0
2333,1393,82,1,47648.88,5
2334,1394,69,1,34147.03,0
2335,1395,114,4,15086.2,0
2336,1396,27,4,17651.22,0
2337,1396,66,2,18925.34,0
2338,1397,51,4,4122.99,25
2339,1398,149,1,24909.96,10
2340,1398,75,1,24262.09,5
2341,1399,50,1,43520.98,5
2342,1399,92,1,34275.26,25
2343,1399,112,2,2083.51,10
2344,1400,68,1,48110.4,10
2345,1401,106,3,29653.39,0
2346,1401,144,1,32466.17,5
2347,1401,76,1,40910.31,0
2348,1402,86,1,34099.87,10
2349,1403,107,4,26835.43,0
2350,1403,56,2,17374.46,15
2351,1403,80,2,35562.42,0
2352,1404,24,3,30421.89,5
2353,1405,28,2,14740.91,5
2354,1405,121,4,43969.73,0
2355,1406,93,1,34795.95,0
2356,1407,85,1,10204.69,0
2357,1407,112,1,2082.08,10
2358,1408,122,4,24236.37,10
2359,1408,89,5,32947.72,5
2360,1409,31,2,18158.66,5
2361,1410,143,1,16780.21,10
2362,1410,111,1,11582.31,5
2363,1410,42,1,17054.06,0
2364,1411,102,1,28475.34,5
2365,1412,50,1,35412.12,0
2366,1413,124,1,19853.0,10
2367,1413,133,5,32388.22,15
2368,1414,13,1,43501.53,10
2369,1414,32,3,32303.5,0
2370,1415,79,2,32345.16,0
2371,1416,91,1,7826.89,0
2372,1417,6,1,24168.64,5
2373,1417,25,5,26918.79,5
2374,1417,150,2,25772.29,0
2375,1417,68,1,36530.36,15
2376,1418,143,1,14605.22,5
2377,1418,26,2,19413.81,10
2378,1419,18,1,2848.99,10
2379,1420,73,1,26217.96,10
2380,1421,62,2,14238.98,20
2381,1421,68,2,41607.81,0
2382,1421,48,1,31338.47,0
2383,1421,63,4,17958.73,10
2384,1422,134,2,19272.84,5
2385,1422,51,3,4519.15,25
2386,1423,12,1,25115.37,0
2387,1423,126,1,10192.64,0
2388,1423,9,1,5641.35,10
2389,1424,7,1,38639.89,0
2390,1425,150,4,20503.88,0
2391,1425,146,4,24311.44,20
2392,1426,58,2,35964.16,0
2393,1426,40,1,26431.56,10
2394,1427,89,2,31365.99,0
2395,1428,31,1,23888.78,0
2396,1428,26,1,21659.81,0
2397,1429,106,1,26543.21,0
2398,1429,84,2,34081.31,0
2399,1430,76,1,49409.4,25
2400,1431,144,1,28007.68,10
2401,1431,123,1,26369.27,15
2402,1431,42,2,19641.19,0
2403,1432,133,1,30414.18,0
2404,1432,61,2,4352.13,10
2405,1432,44,1,13773.03,10
2406,1433,35,1,2504.84,5
2407,1433,108,2,33338.25,5
2408,1433,91,1,6582.5,5
2409,1434,128,1,27478.01,0
2410,1434,1,3,3714.27,15
2411,1435,43,1,5840.02,0
2412,1436,32,3,28976.77,0
2413,1437,103,1,4641.36,10
2414,1437,33,1,15604.82,0
2415,1437,95,2,8828.95,15
2416,1438,109,1,28359.07,20
2417,1439,66,1,23132.35,0
2418,1440,30,1,30612.42,10
2419,1441,10,1,2517.9,5
2420,1442,23,2,25356.01,0
2421,1442,97,3,32439.38,10
2422,1443,39,3,5596.35,10
2423,1444,123,1,29397.91,10
2424,1445,103,2,4496.27,15
2425,1445,22,1,24250.4,0
2426,1445,5,2,5909.17,10
2427,1445,139,3,17129.37,15
2428,1446,139,1,23930.36,0
2429,1446,139,5,23378.13,25
2430,1447,145,2,22164.76,0
2431,1447,83,2,6007.82,10
2432,1448,32,2,27207.09,15
2433,1448,61,2,3543.42,5
2434,1449,25,5,26554.52,0
2435,1449,64,2,4689.92,0
2436,1449,91,1,7266.71,0
2437,1450,142,2,37801.49,5
2438,1450,42,1,19823.15,0
2439,1451,39,4,7706.77,10
2440,1451,2,3,7786.76,0
2441,1452,81,1,8193.3,0
2442,1452,1,2,3144.69,5
2443,1452,109,3,22539.03,10
2444,1452,125,1,36591.23,15
2445,1453,64,1,5790.41,0
2446,1454,82,1,35281.56,0
2447,1454,78,2,40366.46,25
2448,1454,111,1,11448.05,0
2449,1455,142,2,36446.04,15
2450,1456,16,1,5870.24,5
2451,1457,54,1,3839.53,0
2452,1458,141,1,1731.02,10
2453,1459,124,1,17085.81,25
2454,1459,80,1,32797.0,20
2455,1460,79,1,37216.76,10
2456,1460,149,2,32243.84,5
2457,1460,127,1,40316.0,0
2458,1460,23,2,17918.25,5
2459,1461,38,2,4295.52,0
2460,1461,77,1,12007.6,20
2461,1461,32,1,25156.19,0
2462,1461,112,2,2358.34,5
2463,1462,106,1,25190.99,5
2464,1462,91,1,8301.41,5
2465,1462,98,5,19634.19,0
2466,1462,45,2,18111.01,0
2467,1463,49,1,33304.08,5
2468,1464,4,2,29480.77,15
2469,1464,146,3,22253.56,10
2470,1464,64,3,5474.2,5
2471,1464,108,1,37579.35,10
2472,1465,121,1,50093.48,10
2473,1466,90,2,40399.19,0
2474,1466,56,1,14118.99,0
2475,1466,20,4,8737.86,15
2476,1467,77,1,14918.58,5
2477,1468,87,1,20720.81,0
2478,1469,138,3,5849.61,0
2479,1469,115,1,35275.03,15
2480,1469,94,1,9508.87,10
2481,1469,150,2,27257.26,20
2482,1470,133,1,39138.95,5
2483,1470,114,2,14557.05,0
2484,1470,9,1,7046.27,10
2485,1471,43,1,5557.31,0
2486,1471,4,1,32764.66,0
2487,1472,65,2,2890.82,0
2488,1472,98,1,24614.87,0
2489,1473,55,1,1581.55,15
2490,1474,146,2,22594.68,10
2491,1474,144,3,34119.51,0
2492,1475,87,2,21960.87,10
2493,1475,90,1,38729.18,10
2494,1476,44,1,13938.67,20
2495,1477,5,2,5946.28,20
2496,1478,29,3,30265.17,0
2497,1479,126,3,8641.67,20
2498,1479,4,4,30787.31,0
2499,1480,99,2,33378.22,0
2500,1481,49,1,37458.63,0
2501,1482,85,2,9273.59,0
2502,1483,136,2,21427.17,15
2503,1483,122,3,29200.37,10
2504,1484,116,3,35504.73,10
2505,1484,149,1,32458.55,20
2506,1485,133,2,38758.34,5
2507,1485,85,1,10205.75,0
2508,1486,61,1,3679.16,10
2509,1487,136,1,20664.1,20
2510,1488,86,4,35678.95,25
2511,1489,18,3,2933.3,5
2512,1489,132,2,41311.86,15
2513,1489,4,1,31620.26,15
2514,1490,127,1,41149.97,0
2515,1491,143,2,18223.09,10
2516,1492,48,1,23115.77,0
2517,1492,46,1,30451.54,5
2518,1493,46,3,36651.59,20
2519,1494,48,1,28918.92,15
2520,1494,120,1,22223.31,10
2521,1494,132,2,35639.62,15
2522,1495,19,4,2253.26,0
2523,1496,19,3,2776.79,0
2524,1496,42,4,19221.56,0
2525,1497,92,2,37929.25,15
2526,1498,5,1,5576.01,20
2527,1499,48,4,32524.35,10
2528,1500,26,1,19490.95,25
2529,1500,74,1,44531.5,10
2530,1501,109,1,26886.41,10
2531,1501,135,2,2774.69,10
2532,1501,87,3,26165.8,15
2533,1501,73,1,26482.96,0
2534,1502,56,1,15842.53,0
2535,1503,131,3,19789.67,0
2536,1503,126,1,9153.94,20
2537,1503,141,2,1845.03,20
2538,1504,59,1,16669.1,5
2539,1504,38,1,4265.18,20
2540,1505,85,1,9504.16,10
2541,1505,83,1,8170.39,5
2542,1505,86,2,39624.53,15
2543,1505,1,3,3117.68,10
2544,1506,137,1,29556.98,5
2545,1506,128,3,24519.06,0
2546,1507,53,2,3094.93,0
2547,1508,88,1,19514.39,10
2548,1508,138,2,6661.04,0
2549,1509,84,2,35951.7,15
2550,1510,77,1,13122.38,10
2551,1511,29,1,36277.95,5
2552,1512,36,5,5269.75,10
2553,1512,27,2,20479.84,25
2554,1512,146,1,30808.65,0
2555,1513,18,1,2228.45,10
2556,1513,118,1,14534.6,15
2557,1513,137,1,27072.34,0
2558,1514,67,1,35725.88,0
2559,1514,135,1,2523.44,5
2560,1515,58,1,31072.51,10
2561,1515,30,2,37435.46,0
2562,1515,73,1,25807.17,5
2563,1515,123,1,32520.78,5
2564,1516,82,1,32356.87,5
2565,1516,17,1,28386.58,10
2566,1517,134,1,19169.47,15
2567,1518,39,1,5388.23,5
2568,1519,59,1,19677.9,5
2569,1520,102,1,26792.74,10
2570,1521,38,3,4807.29,10
2571,1522,104,1,25586.91,20
2572,1523,9,1,5825.33,5
2573,1523,1,1,4137.29,10
2574,1523,102,4,38020.42,0
2575,1524,87,4,22510.53,15
2576,1524,123,1,32221.36,5
2577,1524,47,1,40460.23,10
2578,1525,76,1,41049.14,5
2579,1525,10,1,3477.42,0
2580,1526,144,1,30625.32,5
2581,1526,43,1,5345.97,0
2582,1526,136,1,19931.41,5
2583,1527,75,1,20412.88,0
2584,1528,105,1,14497.47,0
2585,1528,26,4,15272.83,0
2586,1528,7,1,42691.05,10
2587,1529,79,2,34525.48,15
2588,1530,15,1,25664.22,0
2589,1531,131,1,21317.38,5
2590,1531,144,3,32108.03,5
2591,1531,89,1,31912.1,5
2592,1532,97,2,34127.79,0
2593,1533,142,1,43859.84,0
2594,1534,3,1,14999.55,20
2595,1535,73,2,28118.54,15
2596,1535,31,1,19998.95,5
2597,1536,119,1,10828.37,10
2598,1536,75,2,19319.31,5
2599,1536,17,1,32582.55,0
2600,1536,3,1,13261.19,15
2601,1537,123,2,22412.84,0
2602,1538,55,1,1785.81,10
2603,1538,111,2,11181.94,5
2604,1538,100,4,557.93,10
2605,1539,40,1,27873.35,5
2606,1540,122,1,27122.76,10
2607,1541,40,1,33600.12,0
2608,1542,30,1,28757.57,0
2609,1542,25,2,22174.68,20
2610,1543,7,1,38704.92,15
2611,1544,92,1,39016.36,15
2612,1544,105,1,13841.99,5
2613,1545,123,2,25688.66,5
2614,1546,81,1,8250.7,10
2615,1547,96,3,26921.3,0
2616,1547,1,2,3283.18,15
2617,1548,91,1,7152.29,15
2618,1549,7,1,45143.73,20
2619,1550,120,1,23553.89,5
2620,1551,131,2,18400.74,5
2621,1551,94,2,8136.92,15
2622,1552,129,1,25663.74,15
2623,1552,98,1,19857.77,20
2624,1553,43,1,6027.29,10
2625,1554,53,1,4330.86,20
2626,1555,102,1,38483.14,0
2627,1556,139,1,21849.95,10
2628,1557,1,1,3486.34,0
2629,1557,14,1,11618.96,15
2630,1557,122,1,25969.18,10
2631,1558,21,1,5592.04,0
2632,1558,34,1,29474.94,10
2633,1559,105,1,18947.63,0
2634,1559,14,1,11641.09,0
2635,1560,122,1,29850.07,0
2636,1561,82,1,46526.54,5
2637,1561,148,1,38413.08,0
2638,1562,60,1,38340.39,0
2639,1562,137,1,34507.65,0
2640,1562,115,1,30156.66,0
2641,1563,33,1,12265.55,0
2642,1563,49,1,32726.66,10
2643,1564,4,1,27326.76,10
2644,1564,123,2,23689.33,25
2645,1565,16,1,6878.85,0
2646,1565,26,1,19368.98,20
2647,1566,70,1,5718.45,5
2648,1566,37,1,16044.87,5
2649,1567,150,1,19937.33,0
2650,1568,7,1,32688.39,0
2651,1568,30,1,28534.04,5
2652,1569,74,3,47207.45,15
2653,1570,121,1,40118.09,20
2654,1570,6,4,23918.41,25
2655,1571,24,3,21823.67,15
2656,1571,121,3,44908.82,10
2657,1572,143,3,16943.56,5
2658,1572,85,1,8131.28,20
2659,1572,133,1,39914.28,15
2660,1573,89,1,32939.66,0
2661,1574,36,1,4373.42,10
2662,1575,88,1,21718.23,5
2663,1576,45,3,18525.37,10
2664,1576,10,1,2931.5,20
2665,1577,54,1,3682.06,10
2666,1577,70,2,4808.51,20
2667,1577,85,1,8991.88,20
2668,1578,32,1,28369.32,0
2669,1578,43,1,5806.3,0
2670,1579,118,3,18344.82,5
2671,1580,121,1,38037.1,20
2672,1580,15,2,22496.84,0
2673,1580,66,1,21491.66,10
2674,1581,143,3,13988.85,5
2675,1581,115,1,24906.06,15
2676,1581,81,2,7541.19,0
2677,1581,20,4,9263.58,0
2678,1582,6,1,24613.44,0
2679,1583,79,1,29331.98,10
2680,1583,125,1,26707.44,0
2681,1584,145,1,21441.24,15
2682,1584,120,3,20975.67,0
2683,1585,26,1,21638.62,10
2684,1585,22,3,27839.56,20
2685,1586,64,2,5782.09,10
2686,1586,58,1,37575.05,0
2687,1586,37,1,17875.21,15
2688,1586,78,1,43074.56,0
2689,1587,121,1,48155.63,0
2690,1588,28,1,14273.67,5
2691,1588,49,1,45566.83,0
2692,1589,67,3,27863.36,10
2693,1589,103,1,4915.83,10
2694,1590,126,1,9801.95,5
2695,1590,93,1,33255.84,0
2696,1590,87,2,25059.79,5
2697,1591,87,1,26472.81,0
2698,1591,55,1,2032.86,0
2699,1591,139,4,20091.72,5
2700,1592,13,3,47328.56,10
2701,1592,128,2,28976.53,10
2702,1592,64,3,4792.08,0
2703,1592,51,1,4734.86,20
2704,1593,76,2,44880.81,0
2705,1594,22,1,29174.55,10
2706,1594,60,1,36460.28,0
2707,1594,130,5,38928.88,10
2708,1595,56,1,16860.21,5
2709,1596,97,1,34622.41,10
2710,1597,3,1,14934.57,0
2711,1598,55,1,1562.3,5
2712,1598,84,1,34199.5,15
2713,1599,28,2,14862.84,15
2714,1599,124,5,19803.6,0
2715,1599,8,1,17898.03,5
2716,1599,3,2,13968.11,0
2717,1600,94,1,7138.7,0
2718,1601,89,1,24792.18,0
2719,1602,94,2,8981.23,0
2720,1602,89,3,28210.06,15
2721,1603,59,1,20288.39,5
2722,1603,28,1,15957.26,15
2723,1604,62,1,11771.3,15
2724,1604,51,3,5111.07,10
2725,1604,7,1,40261.56,5
2726,1604,23,1,24413.01,20
2727,1605,46,3,37975.36,10
2728,1606,78,1,34250.38,5
2729,1607,106,4,31761.78,20
2730,1608,28,3,15193.12,0
2731,1609,24,1,26007.57,10
2732,1610,7,2,44674.11,0
2733,1611,112,1,2326.88,15
2734,1612,79,5,33727.47,15
2735,1613,3,1,14148.57,5
2736,1613,2,2,6406.85,10
2737,1613,7,1,37733.23,15
2738,1613,121,1,44278.59,5
2739,1614,21,1,5185.05,20
2740,1615,137,1,31392.69,5
2741,1616,140,1,13754.31,20
2742,1616,24,1,21593.73,10
2743,1616,33,1,12871.72,5
2744,1617,43,1,6584.43,0
2745,1617,82,1,46593.19,0
2746,1618,118,1,15554.5,20
2747,1618,5,1,6728.83,5
2748,1619,123,1,24105.0,5
2749,1619,71,2,22912.69,5
2750,1620,89,1,33460.26,0
2751,1620,142,4,44795.54,5
2752,1620,116,1,37491.39,5
2753,1621,35,2,2458.46,20
2754,1621,108,1,28620.47,10
2755,1621,79,1,29352.81,15
2756,1622,11,1,6564.96,10
2757,1622,75,1,21395.96,0
2758,1623,44,1,13396.35,20
2759,1623,145,2,21633.66,0
2760,1623,125,1,36462.9,5
2761,1624,85,2,7826.25,0
2762,1625,8,2,23213.74,10
2763,1626,79,1,37656.07,0
2764,1626,118,1,14318.26,10
2765,1626,122,1,31137.19,20
2766,1627,74,1,42735.26,10
2767,1628,28,1,12885.31,5
2768,1628,140,1,10972.7,10
2769,1628,120,1,26708.29,20
2770,1629,108,1,34027.42,0
2771,1630,127,1,42335.85,0
2772,1631,63,5,14756.99,0
2773,1631,101,5,34679.2,5
2774,1631,93,1,34307.89,15
2775,1632,63,1,15757.61,10
2776,1633,10,1,2956.01,5
2777,1633,80,1,38421.4,10
2778,1633,37,1,16450.84,10
2779,1634,11,1,5285.49,10
2780,1634,115,1,26350.0,0
2781,1634,90,2,31852.77,0
2782,1634,19,2,2370.02,0
2783,1635,52,5,19856.88,15
2784,1635,118,1,17542.1,15
2785,1635,18,3,2854.12,0
2786,1636,94,1,8382.76,0
2787,1636,32,2,24139.2,15
2788,1637,140,3,14409.26,5
2789,1637,58,4,29256.65,0
2790,1638,21,2,5726.54,0
2791,1638,149,1,32982.52,0
2792,1638,29,1,38117.45,5
2793,1639,47,2,34373.88,0
2794,1639,140,2,11370.43,10
2795,1640,58,2,27471.06,25
2796,1640,19,1,2787.79,0
2797,1641,140,1,12774.53,0
2798,1641,23,1,23787.22,0
2799,1641,133,3,27871.04,5
2800,1641,122,1,30925.29,10
2801,1642,117,1,38565.13,5
2802,1642,63,3,14178.59,0
2803,1643,52,1,17947.46,15
2804,1643,10,2,3280.01,15
2805,1643,86,2,35915.75,0
2806,1643,11,1,5077.32,0
2807,1644,95,1,7476.32,5
2808,1645,72,2,17967.69,0
2809,1646,128,1,26016.32,5
2810,1647,48,1,23860.53,15
2811,1648,92,2,39180.13,0
2812,1648,16,1,6969.45,15
2813,1649,95,1,9252.07,10
2814,1650,48,1,27100.13,0
2815,1650,77,1,14059.13,5
2816,1650,93,1,39188.49,10
2817,1650,104,1,36512.43,0
2818,1651,81,1,6931.09,0
2819,1652,37,2,17388.41,10
2820,1653,102,1,26848.32,10
2821,1654,29,3,37576.47,5
2822,1654,58,1,34190.63,0
2823,1655,94,1,7193.84,20
2824,1656,86,2,34093.27,10
2825,1657,110,1,24120.74,10
2826,1657,41,1,24621.62,10
2827,1658,44,1,16003.95,5
2828,1659,137,1,35094.84,25
2829,1660,90,1,30392.09,0
2830,1660,109,1,22823.27,15
2831,1661,59,1,14390.89,5
2832,1662,110,3,29819.47,20
2833,1663,106,2,29451.0,10
2834,1664,131,1,22015.26,10
2835,1665,7,3,41886.4,20
2836,1665,82,1,40363.87,20
2837,1666,16,1,7465.96,0
2838,1667,49,2,41315.3,0
2839,1667,121,1,38458.96,10
2840,1667,32,1,29520.65,20
2841,1668,89,1,30154.31,5
2842,1668,19,1,2621.23,0
2843,1668,3,1,13086.21,10
2844,1669,122,2,24604.97,0
2845,1670,60,1,32538.02,10
2846,1670,29,1,28719.99,5
2847,1670,75,1,24743.7,10
2848,1670,70,2,6069.18,20
2849,1671,83,1,7753.07,5
2850,1672,101,1,33391.88,0
2851,1673,90,2,40265.7,10
2852,1674,147,1,17704.24,0
2853,1675,17,1,31942.91,15
2854,1675,35,1,3205.29,5
2855,1676,113,1,32586.92,15
2856,1677,122,1,31312.79,20
2857,1677,48,1,31092.87,5
2858,1677,17,1,38613.91,25
2859,1678,101,5,26284.46,0
2860,1678,15,1,24499.23,10
2861,1679,128,1,25761.09,0
2862,1680,112,2,2416.15,0
2863,1680,14,1,12007.19,10
2864,1681,142,1,35110.52,0
2865,1681,97,1,32015.65,0
2866,1681,119,2,9335.76,0
2867,1682,11,2,6777.72,10
2868,1683,48,1,23919.23,0
2869,1684,67,2,32436.18,5
2870,1685,25,1,28014.08,10
2871,1686,86,1,37436.66,5
2872,1687,110,1,23051.22,0
2873,1688,90,2,42538.76,10
2874,1688,9,2,6683.7,10
2875,1689,40,2,36086.03,5
2876,1689,7,2,43874.36,10
2877,1690,118,1,16384.78,0
2878,1690,58,1,38875.6,10
2879,1691,55,1,1959.01,0
2880,1692,14,1,14155.15,5
2881,1693,118,1,18277.39,0
2882,1694,77,3,15392.2,15
2883,1695,124,2,17440.85,10
2884,1695,134,1,18450.33,25
2885,1695,26,2,21244.62,20
2886,1696,128,2,32576.71,25
2887,1697,118,1,14743.27,0
2888,1698,142,1,36383.57,10
2889,1699,136,1,20145.64,5
2890,1699,24,1,26156.99,10
2891,1699,85,1,7794.15,0
2892,1700,63,4,14182.15,0
2893,1700,26,1,20076.37,10
2894,1701,10,3,2907.53,25
2895,1702,106,1,29890.72,10
2896,1703,117,1,38945.52,0
2897,1704,58,3,36808.51,20
2898,1704,14,1,10482.43,5
2899,1705,73,3,22211.44,20
2900,1705,39,1,6828.32,20
2901,1705,122,3,30115.06,5
2902,1705,144,1,28747.83,10
2903,1706,72,1,15406.11,10
2904,1706,112,2,2811.38,10
2905,1707,51,2,5517.03,0
2906,1707,143,1,15719.8,10
2907,1708,89,5,24726.08,0
2908,1709,38,2,3975.66,10
2909,1710,105,1,15129.32,10
2910,1710,79,1,29073.08,0
2911,1711,89,1,29446.65,15
2912,1712,71,1,26497.72,5
2913,1712,90,1,32056.76,5
2914,1712,72,2,18642.64,0
2915,1712,149,2,29766.22,5
2916,1713,16,1,6931.07,0
2917,1714,111,1,11646.76,0
2918,1715,67,4,35878.97,0
2919,1715,65,1,3682.67,0
2920,1716,13,1,36743.04,5
2921,1717,118,2,14484.66,5
2922,1718,61,2,3751.77,10
2923,1719,32,5,29276.82,5
2924,1719,140,4,10948.47,20
2925,1720,95,3,9577.92,0
2926,1721,41,1,21553.58,10
2927,1722,136,1,20178.66,20
2928,1722,25,2,26309.79,0
2929,1723,133,1,36861.4,5
2930,1724,45,1,18661.19,10
2931,1724,130,1,47637.86,0
2932,1724,3,1,13982.56,0
2933,1725,150,1,28519.03,15
2934,1726,104,1,25734.99,10
2935,1726,33,1,14965.37,0
2936,1727,32,3,28664.27,15
2937,1728,111,2,11021.93,15
2938,1728,17,4,37160.65,0
2939,1729,120,1,28633.26,5
2940,1729,82,1,33816.49,10
2941,1730,3,1,16793.85,0
2942,1730,70,2,5037.5,10
2943,1730,118,3,13152.11,0
2944,1731,31,1,18434.47,0
2945,1732,149,3,28221.42,0
2946,1733,16,1,7304.57,20
2947,1733,17,1,29794.59,15
2948,1734,96,2,26706.4,10
2949,1735,129,1,23504.45,10
2950,1736,112,1,2919.25,0
2951,1736,102,1,33643.14,10
2952,1736,72,2,17402.21,0
2953,1737,66,1,21042.25,10
2954,1738,111,1,10871.38,15
2955,1738,37,3,23129.88,0
2956,1738,91,1,7175.8,10
2957,1738,84,1,30095.59,10
2958,1739,111,1,11166.48,0
2959,1740,62,3,15098.02,10
2960,1740,21,1,4607.44,10
2961,1741,106,2,30701.92,15
2962,1741,37,4,21747.06,0
2963,1742,35,2,3000.42,5
2964,1743,143,1,15442.63,25
2965,1743,114,2,14748.7,10
2966,1743,94,2,7712.89,10
2967,1743,4,1,25878.27,0
2968,1744,107,1,31616.86,0
2969,1745,79,2,34033.27,20
2970,1745,23,1,25032.38,0
2971,1745,105,1,18871.47,25
2972,1746,15,2,28130.19,0
2973,1746,140,3,13850.46,0
2974,1747,128,1,27535.37,0
2975,1748,82,1,42208.19,5
2976,1748,121,2,44172.2,15
2977,1748,88,2,22869.31,25
2978,1749,79,5,28195.46,5
2979,1750,19,2,2441.83,0
2980,1750,69,2,36118.76,10
2981,1751,132,5,37444.01,10
2982,1752,10,1,3681.41,5
2983,1752,140,1,14385.93,0
2984,1752,135,1,2088.09,0
2985,1753,44,1,12603.33,10
2986,1753,2,1,6234.88,5
2987,1754,94,1,8133.27,15
2988,1755,116,2,47406.09,0
2989,1755,69,3,45675.62,15
2990,1756,148,1,29684.83,0
2991,1757,108,1,30922.86,0
2992,1758,70,1,5052.38,10
2993,1759,74,2,37404.01,15
2994,1760,80,1,40267.2,0
2995,1761,98,3,25136.84,20
2996,1762,100,1,758.36,10
2997,1763,58,1,34630.83,0
2998,1764,133,1,31142.75,10
2999,1765,147,1,13360.71,10
3000,1765,32,3,23650.03,15
3001,1766,121,3,47308.29,20
3002,1766,3,1,16936.55,10
3003,1767,129,2,24554.9,5
3004,1768,48,1,22830.51,15
3005,1768,133,1,37832.21,10
3006,1768,77,3,11293.57,10
3007,1769,11,1,5055.45,5
3008,1769,22,1,28974.38,20
3009,1770,12,1,23371.51,5
3010,1770,53,1,4286.62,10
3011,1771,55,1,1846.45,5
3012,1772,53,2,3309.28,15
3013,1773,21,1,4808.67,0
3014,1773,19,1,2450.53,15
3015,1773,88,1,18665.62,0
3016,1774,94,1,7770.11,10
3017,1774,66,2,22370.69,5
3018,1774,59,3,15973.2,10
3019,1775,59,4,20041.02,10
3020,1776,3,1,14759.82,0
3021,1777,116,5,39113.89,5
3022,1777,58,1,32421.18,25
3023,1778,62,1,13814.31,15
3024,1778,146,2,26745.68,0
3025,1779,126,1,7163.65,20
3026,1779,37,1,22726.52,15
3027,1779,113,3,28683.4,5
3028,1780,95,2,10398.11,10
3029,1781,78,1,32144.0,5
3030,1782,142,2,42816.53,0
3031,1783,105,3,17093.53,15
3032,1784,5,3,5863.78,0
3033,1785,95,1,7426.32,5
3034,1785,129,2,20007.2,10
3035,1785,63,2,18223.29,20
3036,1786,20,2,11956.24,0
3037,1787,43,2,5943.29,5
3038,1787,85,1,8769.54,10
3039,1787,94,1,7026.27,15
3040,1788,42,5,18093.35,20
3041,1789,108,1,31088.87,0
3042,1790,94,1,7010.16,10
3043,1791,74,2,42242.27,0
3044,1792,109,1,25094.59,15
3045,1792,115,1,24181.94,0
3046,1793,125,1,26931.12,20
3047,1794,6,2,28006.0,0
3048,1795,123,4,22681.14,15
3049,1796,42,2,19292.47,0
3050,1797,58,1,31111.91,10
3051,1797,10,4,2619.23,10
3052,1798,89,1,32475.58,0
3053,1799,78,1,39671.98,0
3054,1799,111,1,9071.47,0
3055,1800,39,5,6357.19,0
3056,1800,141,1,1432.69,0
3057,1801,11,2,6337.68,5
3058,1802,110,1,26109.33,10
3059,1803,16,1,7232.18,15
3060,1803,33,4,14665.55,0
3061,1804,59,2,18780.15,0
3062,1804,51,2,5241.95,15
3063,1805,15,1,27913.67,5
3064,1806,43,2,5692.88,0
3065,1807,27,2,16691.75,5
3066,1808,56,1,14248.49,0
3067,1809,121,1,47282.94,0
3068,1810,113,4,37927.29,15
3069,1811,60,3,32061.34,0
3070,1812,115,1,33964.78,20
3071,1813,109,2,26100.5,20
3072,1814,112,2,2439.6,10
3073,1814,100,1,555.8,0
3074,1814,8,2,20613.87,0
3075,1815,135,5,2460.55,5
3076,1815,81,4,6532.02,5
3077,1816,130,3,39598.96,20
3078,1816,145,1,24943.72,0
3079,1816,121,5,46246.72,10
3080,1817,4,2,27975.4,10
3081,1818,26,1,18571.54,15
3082,1818,78,2,32380.83,10
3083,1819,72,3,19067.75,10
3084,1820,133,1,40032.77,25
3085,1820,128,3,32111.88,0
3086,1821,5,3,4945.33,0
3087,1822,91,1,6260.0,5
3088,1823,69,3,34557.86,5
3089,1823,3,4,15048.4,0
3090,1823,94,1,7509.29,0
3091,1824,1,1,3932.03,0
3092,1824,136,1,19123.86,15
3093,1825,13,1,32591.4,5
3094,1825,112,2,2691.55,15
3095,1825,8,1,18997.92,5
3096,1826,113,4,38775.42,10
3097,1827,79,5,30521.6,5
3098,1828,122,1,25830.3,10
3099,1829,74,1,32220.4,5
3100,1829,127,1,49768.79,0
3101,1830,113,1,35944.44,20
3102,1830,52,1,18500.22,15
3103,1831,121,1,36034.9,0
3104,1831,33,1,15048.37,25
3105,1831,73,1,24081.61,0
3106,1832,96,3,37312.7,5
3107,1833,37,1,22939.39,15
3108,1833,69,1,42934.24,0
3109,1834,132,2,42576.68,0
3110,1835,60,1,30131.73,5
3111,1836,74,1,36328.51,5
3112,1837,31,2,18717.98,0
3113,1838,14,2,10041.38,0
3114,1839,60,1,42019.48,20
3115,1840,68,1,34782.28,5
3116,1841,128,1,34129.9,0
3117,1842,26,1,20235.71,15
3118,1843,137,2,31205.48,0
3119,1844,35,1,2412.13,0
3120,1845,106,1,24121.45,25
3121,1845,24,2,23368.69,20
3122,1845,83,3,7207.28,0
3123,1845,36,3,4802.22,20
3124,1846,101,1,33554.4,20
3125,1846,34,1,29813.95,10
3126,1846,121,1,40659.38,5
3127,1847,39,3,5731.57,0
3128,1848,23,3,24416.85,0
3129,1848,80,1,33702.61,10
3130,1848,70,1,5196.69,15
3131,1848,59,1,19554.44,10
3132,1849,22,1,34624.89,0
3133,1849,109,4,29275.11,0
3134,1850,111,1,8431.29,10
3135,1851,88,1,21864.12,10
3136,1852,40,3,26616.04,0
3137,1852,85,1,10949.62,10
3138,1852,94,1,7533.54,15
3139,1853,11,1,5266.82,0
3140,1853,117,2,40611.87,0
3141,1854,9,1,7602.83,0
3142,1854,12,1,25388.0,20
3143,1854,38,1,3744.27,5
3144,1855,131,1,18388.81,10
3145,1855,126,1,9926.86,10
3146,1855,143,3,16451.18,5
3147,1856,133,1,29483.43,0
3148,1857,54,1,2864.58,10
3149,1858,24,2,30090.88,10
3150,1859,139,1,20505.13,0
3151,1860,121,1,46070.43,0
3152,1861,119,2,9744.25,10
3153,1862,74,1,40198.68,10
3154,1863,121,2,50538.96,0
3155,1864,128,1,28027.99,10
3156,1865,44,2,14549.49,20
3157,1866,90,5,32780.85,0
3158,1867,12,1,20144.85,5
3159,1868,3,1,16570.61,10
3160,1868,50,1,43098.02,0
3161,1869,108,3,36204.38,15
3162,1869,16,1,5799.02,20
3163,1869,27,2,15686.96,15
3164,1870,123,2,31602.77,0
3165,1871,70,1,5200.68,15
3166,1872,42,1,18985.15,5
3167,1872,138,1,5477.86,0
3168,1872,125,2,37065.16,0
3169,1873,136,1,21802.38,20
3170,1874,146,1,21888.96,5
3171,1874,145,1,23140.09,20
3172,1875,58,1,29274.59,0
3173,1876,106,1,26527.56,15
3174,1876,66,3,20238.34,0
3175,1876,84,2,32010.13,0
3176,1877,9,2,6006.95,25
3177,1877,105,2,17358.56,0
3178,1877,89,2,25764.4,5
3179,1878,89,1,24074.69,20
3180,1878,88,3,22437.81,15
3181,1879,6,1,26181.3,5
3182,1880,123,1,29270.82,10
3183,1880,74,1,41996.65,10
3184,1880,103,1,6365.25,0
3185,1881,146,1,26157.74,0
3186,1881,33,1,11322.6,0
3187,1882,147,2,15680.69,5
3188,1882,87,1,24852.0,0
3189,1883,69,1,39686.28,0
3190,1884,124,3,18939.13,5
3191,1884,26,1,17089.12,5
3192,1885,6,1,22481.37,5
3193,1886,39,2,7015.19,0
3194,1887,4,1,24775.84,15
3195,1887,128,1,29494.03,20
3196,1888,58,1,33446.98,0
3197,1889,48,1,27077.5,0
3198,1889,60,1,36892.07,10
3199,1890,26,1,15007.34,20
3200,1890,77,1,16282.7,0
3201,1891,86,1,38977.53,0
3202,1892,123,5,26488.9,0
3203,1892,56,1,14710.96,10
3204,1893,39,3,5527.42,25
3205,1893,81,1,8276.69,15
3206,1893,25,2,24861.95,10
3207,1894,127,1,37511.03,10
3208,1895,149,1,27130.74,0
3209,1895,25,1,27711.4,10
3210,1896,89,3,31472.47,0
3211,1897,22,1,31317.33,0
3212,1898,23,1,24950.77,0
3213,1899,30,1,29361.78,10
3214,1900,103,1,5809.88,15
3215,1901,77,2,11586.11,10
3216,1901,73,2,26772.22,0
3217,1901,143,1,16522.1,0
3218,1901,95,1,7918.71,0
3219,1902,95,1,8520.92,0
3220,1902,138,5,6725.28,5
3221,1903,117,1,30519.85,0
3222,1904,37,1,19047.28,10
3223,1905,7,1,44839.74,10
3224,1906,124,1,17677.56,0
3225,1907,32,2,31715.41,10
3226,1908,11,1,6715.52,0
3227,1909,109,2,22348.64,5
3228,1910,92,1,30964.09,20
3229,1911,48,2,30044.43,10
3230,1911,45,1,20668.48,0
3231,1912,95,3,7383.09,15
3232,1912,33,1,13016.88,10
3233,1912,118,2,15468.95,5
3234,1913,132,2,40601.74,10
3235,1914,47,1,37408.08,0
3236,1915,122,1,32074.46,10
3237,1916,53,4,4552.77,10
3238,1916,126,1,9804.36,20
3239,1916,27,4,18551.85,0
3240,1916,89,1,28284.82,5
3241,1917,36,1,4065.78,20
3242,1917,101,1,33402.02,0
3243,1917,122,1,26075.73,15
3244,1918,125,1,29866.29,0
3245,1918,59,1,19029.81,0
3246,1919,23,5,21575.56,0
3247,1919,99,2,39439.86,15
3248,1919,68,1,40251.35,0
3249,1920,92,1,30060.91,5
3250,1921,105,2,16616.14,0
3251,1921,42,1,19847.39,0
3252,1921,141,3,1961.81,5
3253,1921,129,1,19723.83,0
3254,1922,53,2,3660.2,0
3255,1923,90,2,43719.6,5
3256,1924,116,2,35885.46,10
3257,1924,87,1,21067.81,0
3258,1925,113,1,31292.9,5
3259,1926,150,1,24699.39,0
3260,1926,115,2,28767.61,5
3261,1927,120,1,21499.11,15
3262,1928,28,2,16647.47,20
3263,1928,53,1,3229.29,0
3264,1929,117,1,36762.05,10
3265,1930,145,1,21009.88,10
3266,1931,64,2,5363.93,15
3267,1931,6,3,21665.2,20
3268,1931,142,2,40845.29,5
3269,1932,114,4,13546.15,25
3270,1932,128,4,28970.55,25
3271,1932,17,2,34668.7,5
3272,1933,38,1,4565.68,10
3273,1933,13,1,32550.83,10
3274,1933,112,1,2104.02,5
3275,1933,137,5,29442.67,10
3276,1934,127,1,44761.4,5
3277,1934,106,1,30685.47,0
3278,1935,77,4,15056.17,20
3279,1935,19,1,2919.61,20
3280,1936,78,2,44658.87,0
3281,1936,120,2,24440.01,15
3282,1937,79,3,30397.04,5
3283,1938,76,2,47847.92,10
3284,1939,101,3,29195.03,5
3285,1940,75,2,20994.36,10
3286,1940,120,1,22632.66,5
3287,1940,139,2,23534.85,20
3288,1941,83,3,6967.27,10
3289,1942,26,1,16302.8,5
3290,1942,128,1,32223.14,10
3291,1942,145,1,18888.09,25
3292,1943,83,1,8460.99,0
3293,1944,44,1,12933.56,5
3294,1944,84,2,33070.11,20
3295,1945,25,1,25154.04,15
3296,1946,37,1,21858.57,20
3297,1947,112,1,2836.68,0
3298,1947,2,1,8438.82,20
3299,1947,98,1,26988.21,15
3300,1947,32,1,24696.09,15
3301,1948,89,4,34347.41,10
3302,1949,37,3,20478.76,0
3303,1950,115,3,34039.94,10
3304,1951,141,1,1882.39,5
3305,1952,3,3,13216.81,5
3306,1953,40,2,32913.42,15
3307,1953,74,4,33432.91,10
3308,1954,66,1,22109.85,0
3309,1955,60,1,34293.26,10
3310,1955,11,1,5161.64,0
3311,1956,120,3,30406.25,0
3312,1957,129,2,25695.41,5
3313,1957,42,1,19472.43,15
3314,1958,123,1,30314.74,15
3315,1958,92,2,37317.0,10
3316,1959,62,3,13545.87,20
3317,1960,12,2,20002.4,0
3318,1961,28,2,18308.4,25
3319,1962,107,1,30477.08,20
3320,1962,149,1,31170.36,10
3321,1963,135,3,2718.75,0
3322,1963,95,2,9074.85,5
3323,1964,14,2,11785.24,0
3324,1964,118,1,19007.19,10
3325,1964,126,1,8723.44,0
3326,1965,103,1,5819.63,5
3327,1966,73,2,24998.07,0
3328,1967,62,1,13453.36,0
3329,1968,12,4,25592.55,0
3330,1969,38,2,4596.84,0
3331,1970,39,1,6633.33,10
3332,1971,86,1,33198.7,0
3333,1971,4,3,29003.88,10
3334,1972,48,1,31624.28,10
3335,1973,135,2,1889.67,0
3336,1973,60,1,30519.88,0
3337,1973,8,1,18422.46,10
3338,1974,124,1,20532.49,20
3339,1975,116,1,44620.2,5
3340,1975,58,1,39406.69,5
3341,1975,35,2,3056.99,15
3342,1976,73,2,25897.67,15
3343,1976,115,4,33155.92,20
3344,1976,13,3,34806.09,5
3345,1976,39,1,6294.15,0
3346,1977,84,1,30689.46,15
3347,1977,21,2,4958.74,0
3348,1977,47,1,36655.14,5
3349,1978,2,5,6358.12,10
3350,1978,44,1,12041.17,10
3351,1979,30,3,30845.84,15
3352,1979,128,4,33425.92,0
3353,1980,55,2,1515.19,25
3354,1980,40,1,29709.0,0
3355,1981,97,1,24524.36,0
3356,1982,92,2,35508.38,10
3357,1982,24,2,27515.73,20
3358,1983,28,1,18093.89,10
3359,1983,117,1,39660.97,10
3360,1984,105,3,15470.51,10
3361,1984,93,5,32423.69,0
3362,1984,98,1,20630.79,10
3363,1984,150,3,28392.75,5
3364,1985,89,1,31489.79,20
3365,1986,78,3,32362.71,0
3366,1987,74,1,34135.21,0
3367,1987,136,4,18692.72,5
3368,1988,14,2,10671.9,5
3369,1988,45,1,21034.38,5
3370,1988,38,1,4509.76,0
3371,1988,62,1,13336.48,0
3372,1989,96,2,30945.39,15
3373,1990,67,3,30969.21,5
3374,1991,61,2,3856.64,10
3375,1992,13,3,43400.42,10
3376,1993,119,2,9735.89,10
3377,1994,87,4,23322.9,10
3378,1995,83,2,8171.51,10
3379,1995,80,1,31143.78,0
3380,1995,47,2,39244.59,10
3381,1996,111,1,9229.52,0
3382,1997,114,5,15004.16,10
3383,1998,54,1,2670.79,5
3384,1998,71,1,27362.24,0
3385,1999,72,1,13723.06,15
3386,1999,25,2,22258.03,0
3387,1999,23,1,23779.81,20
3388,1999,11,4,6286.22,0
3389,2000,27,1,20089.59,25
3390,2000,117,1,35579.59,5
3391,2000,67,1,34584.24,0
3392,2000,47,1,41653.24,0
3393,2001,8,1,20119.33,0
3394,2002,77,1,11246.76,0
3395,2002,67,1,30625.91,0
3396,2002,148,1,29704.18,0
3397,2002,35,1,2774.41,0
3398,2003,77,2,16038.41,5
3399,2004,148,1,36933.79,5
3400,2004,24,1,30822.16,10
3401,2005,55,1,2059.12,0
3402,2005,137,1,31938.08,20
3403,2006,94,1,7572.24,5
3404,2007,144,2,34022.21,10
3405,2008,58,5,38491.63,0
3406,2009,64,1,5305.95,10
3407,2009,76,1,42515.8,5
3408,2009,115,1,25590.36,20
3409,2010,49,1,37113.18,20
3410,2011,29,1,33869.49,10
3411,2011,118,1,15177.87,15
3412,2012,82,3,46079.03,10
3413,2013,7,1,31887.0,0
3414,2014,77,1,16190.02,10
3415,2014,122,2,22317.83,0
3416,2014,69,1,46128.97,10
3417,2014,90,1,38219.79,0
3418,2015,2,2,8188.27,0
3419,2015,37,1,17181.53,5
3420,2016,89,2,31273.17,0
3421,2016,127,1,48058.91,10
3422,2016,103,1,4750.71,5
3423,2016,30,2,28196.35,25
3424,2017,41,1,24342.07,5
3425,2018,4,1,23890.68,10
3426,2019,83,1,6138.7,15
3427,2020,111,3,10477.77,0
3428,2021,24,2,23468.81,15
3429,2022,50,1,40497.57,5
3430,2022,37,2,22271.01,0
3431,2023,25,2,28321.64,0
3432,2024,93,5,32167.74,15
3433,2025,125,1,32589.93,0
3434,2026,31,3,19838.95,0
3435,2026,92,1,32642.33,5
3436,2027,38,3,4078.64,0
3437,2027,127,1,48826.38,10
3438,2028,58,1,36696.24,0
3439,2029,114,3,11948.52,0
3440,2030,50,2,37692.77,5
3441,2031,132,1,33498.85,5
3442,2031,92,2,41151.53,15
3443,2031,78,1,46552.65,10
3444,2032,142,1,36062.49,20
3445,2032,129,1,20980.82,0
3446,2032,43,1,6102.75,10
3447,2033,118,2,15970.87,10
3448,2033,59,1,15779.38,10
3449,2034,61,1,3958.81,25
3450,2035,41,4,24648.52,5
3451,2036,18,1,2847.29,5
3452,2036,79,2,30878.93,20
3453,2037,30,3,35482.27,0
3454,2037,102,1,34479.65,0
3455,2037,11,1,5983.5,5
3456,2037,124,1,19044.28,0
3457,2038,66,1,20247.23,5
3458,2038,99,1,30617.5,25
3459,2038,24,1,23145.81,0
3460,2038,77,4,12351.88,10
3461,2039,128,1,24942.52,0
3462,2039,94,2,9154.34,0
3463,2039,87,1,22087.03,0
3464,2040,124,1,14880.6,10
3465,2041,46,1,40424.7,0
3466,2041,93,1,40380.22,10
3467,2041,15,2,26078.78,10
3468,2041,58,1,30284.32,5
3469,2042,72,1,14028.62,0
3470,2042,98,1,23406.28,0
3471,2043,73,1,30194.39,10
3472,2043,81,2,6827.51,15
3473,2044,65,2,3243.3,10
3474,2045,5,3,6893.44,5
3475,2046,28,2,16696.04,20
3476,2047,38,1,4284.2,0
3477,2048,81,1,8409.04,5
3478,2049,87,2,26194.71,10
3479,2049,146,1,27501.82,0
3480,2049,37,4,22345.7,25
3481,2050,25,4,26902.6,5
3482,2051,83,3,8144.59,0
3483,2052,27,1,20473.66,0
3484,2053,77,1,13701.02,10
3485,2054,135,3,2428.42,10
3486,2054,90,2,39109.34,25
3487,2054,27,2,19325.92,10
3488,2054,122,1,30979.77,10
3489,2055,59,3,14506.41,0
3490,2056,72,1,17666.83,0
3491,2057,91,1,7828.52,10
3492,2057,68,3,45139.18,20
3493,2057,106,1,32260.84,10
3494,2058,4,2,22614.58,5
3495,2058,146,1,25978.97,10
3496,2058,63,2,18481.43,5
3497,2059,87,1,27177.9,0
3498,2060,111,1,8779.48,15
3499,2060,140,1,12614.85,10
3500,2061,136,1,21003.5,5
3501,2061,22,3,32544.78,10
3502,2062,91,1,7379.4,0
3503,2062,116,3,34183.92,5
3504,2063,41,1,28610.09,10
3505,2064,81,2,8579.39,0
3506,2064,123,1,29620.27,15
3507,2064,57,1,45764.03,5
3508,2064,127,2,40767.42,20
3509,2065,95,1,10587.34,15
3510,2066,55,4,1907.28,5
3511,2067,6,1,26796.25,0
3512,2068,9,3,7519.17,15
3513,2069,32,1,33777.16,5
3514,2069,128,1,33642.18,10
3515,2069,16,1,6844.54,0
3516,2070,140,1,12368.73,10
3517,2070,41,1,24593.43,5
3518,2071,137,1,29624.33,0
3519,2072,125,1,31841.16,25
3520,2073,17,2,34427.85,5
3521,2074,110,3,24820.73,10
3522,2074,133,1,39958.83,10
3523,2074,26,1,18743.11,0
3524,2074,129,1,22478.51,15
3525,2075,1,3,3564.94,0
3526,2075,35,1,2457.03,15
3527,2076,9,2,7390.44,10
3528,2076,87,1,21634.24,0
3529,2077,38,1,4626.98,5
3530,2077,4,2,28617.71,15
3531,2078,52,1,19690.74,10
3532,2078,147,1,15076.06,10
3533,2079,5,2,5131.47,0
3534,2079,106,1,27279.08,15
3535,2080,48,1,27572.94,0
3536,2081,87,2,25878.14,10
3537,2081,38,1,4270.69,0
3538,2081,52,1,16889.81,0
3539,2082,87,2,19576.3,10
3540,2082,46,2,38245.1,0
3541,2083,93,1,36591.68,20
3542,2083,137,2,28036.62,10
3543,2084,50,1,40606.99,20
3544,2084,66,1,18236.79,5
3545,2084,38,1,4401.08,0
3546,2084,105,2,15605.99,10
3547,2085,148,3,38551.66,0
3548,2085,16,2,5979.74,5
3549,2086,79,1,31331.11,10
3550,2086,13,1,47149.02,10
3551,2086,114,3,12941.44,0
3552,2087,102,3,34189.61,15
3553,2087,148,1,30708.13,5
3554,2087,135,1,1983.14,10
3555,2087,87,2,24424.46,0
3556,2088,88,2,25344.02,5
3557,2089,29,1,34765.74,10
3558,2090,133,2,36028.27,15
3559,2090,107,1,27685.46,5
3560,2091,65,1,3056.02,10
3561,2092,100,1,713.28,0
3562,2092,115,1,27026.41,15
3563,2092,87,2,22182.7,10
3564,2093,74,1,38817.04,15
3565,2093,135,1,2661.73,5
3566,2094,13,3,37702.52,0
3567,2094,94,1,8905.27,5
3568,2095,78,2,34954.07,5
3569,2095,124,2,15964.04,0
3570,2095,125,1,33505.46,0
3571,2095,38,1,4829.85,15
3572,2096,13,3,39461.25,0
3573,2097,54,1,3071.2,20
3574,2097,106,1,34522.01,0
3575,2098,44,3,11714.08,25
3576,2098,141,1,1907.0,25
3577,2099,24,1,28319.36,5
3578,2100,124,2,18945.54,25
3579,2101,29,2,41365.7,20
3580,2101,146,1,28913.86,0
3581,2101,92,1,32081.74,20
3582,2102,5,1,5519.82,0
3583,2102,146,2,25456.63,0
3584,2103,125,3,25951.21,10
3585,2103,71,1,29770.47,0
3586,2103,99,2,30026.72,0
3587,2104,12,1,25407.69,25
3588,2105,52,3,20762.89,25
3589,2106,46,1,40754.63,15
3590,2107,104,2,31564.93,5
3591,2108,44,3,14815.03,20
3592,2108,9,2,5949.59,0
3593,2108,140,2,13400.95,20
3594,2108,100,2,641.71,5
3595,2109,137,3,37871.83,20
3596,2110,103,2,4801.62,10
3597,2110,110,2,25577.76,25
3598,2110,116,2,41963.1,20
3599,2110,22,1,32813.11,20
3600,2111,145,1,22965.29,10
3601,2111,88,1,19399.27,15
3602,2111,143,1,13806.02,15
3603,2111,33,2,12916.94,0
3604,2112,15,1,26402.1,10
3605,2112,27,1,17694.79,0
3606,2112,112,1,2392.56,20
3607,2112,82,1,42610.06,0
3608,2113,48,1,26554.1,25
3609,2114,8,4,25310.46,5
3610,2114,134,2,18842.4,0
3611,2114,118,1,16890.92,20
3612,2114,84,1,32430.89,0
3613,2115,2,2,6954.56,5
3614,2116,150,2,23221.75,15
3615,2117,118,1,15263.53,0
3616,2118,21,1,4697.33,5
3617,2118,134,1,20575.53,10
3618,2118,123,1,26081.24,25
3619,2119,96,1,27497.8,0
3620,2120,13,2,39272.1,0
3621,2121,1,3,3545.47,5
3622,2122,150,1,20620.62,5
3623,2123,117,2,30285.14,5
3624,2124,64,5,5683.2,0
3625,2124,150,2,25958.08,10
3626,2124,61,2,4362.8,20
3627,2125,108,3,28576.92,0
3628,2125,12,1,20109.54,0
3629,2126,90,1,31032.94,10
3630,2126,132,5,36474.59,0
3631,2126,83,1,7566.61,10
3632,2127,128,2,28882.75,0
3633,2127,140,2,13648.13,5
3634,2128,33,1,14981.22,5
3635,2128,149,1,33783.53,0
3636,2128,128,1,25807.07,15
3637,2128,100,1,566.56,20
3638,2129,106,1,27212.34,10
3639,2130,72,1,13198.56,10
3640,2130,74,1,46329.87,0
3641,2131,96,1,29020.2,10
3642,2131,92,1,35445.7,10
3643,2132,74,2,36913.15,0
3644,2133,72,3,14617.02,0
3645,2133,59,1,15363.42,0
3646,2133,56,1,15542.71,0
3647,2134,13,5,41830.78,10
3648,2134,35,1,3501.53,20
3649,2135,119,1,10475.98,15
3650,2135,115,1,30170.27,5
3651,2136,56,1,13704.98,5
3652,2136,133,1,38864.86,5
3653,2137,53,1,3149.32,10
3654,2138,101,1,37578.37,5
3655,2138,120,1,26043.02,0
3656,2139,60,1,30993.66,10
3657,2140,105,2,16553.38,5
3658,2140,134,1,24723.07,0
3659,2141,106,1,27560.64,0
3660,2141,80,2,32823.32,0
3661,2142,146,1,22655.55,5
3662,2142,11,1,6186.79,5
3663,2142,51,1,3962.88,0
3664,2142,121,2,47061.62,0
3665,2143,23,2,25423.39,0
3666,2144,47,1,45000.67,20
3667,2145,75,1,18088.34,0
3668,2146,93,1,38555.3,0
3669,2147,127,2,35371.18,10
3670,2147,56,3,17164.81,0
3671,2147,73,1,29481.52,10
3672,2148,137,1,33253.86,0
3673,2148,18,1,3073.79,25
3674,2148,44,1,15217.0,25
3675,2149,149,2,25995.31,10
3676,2149,56,1,17539.22,10
3677,2150,100,1,553.14,5
3678,2150,1,2,3509.07,25
3679,2150,45,1,16923.54,5
3680,2151,63,2,19237.03,0
3681,2152,58,2,32330.14,0
3682,2153,63,1,17438.8,0
3683,2154,38,3,4778.51,10
3684,2154,29,2,39148.55,0
3685,2154,40,1,34451.8,10
3686,2155,147,2,13713.16,5
3687,2155,88,2,23405.77,20
3688,2156,56,2,17016.51,10
3689,2156,44,2,14142.23,10
3690,2157,100,1,551.4,10
3691,2158,141,1,1593.33,20
3692,2159,49,2,44653.38,0
3693,2159,115,1,27380.11,0
3694,2159,75,2,20803.86,10
3695,2159,139,1,17839.28,15
3696,2160,49,2,32947.93,5
3697,2161,107,1,23581.27,5
3698,2161,111,1,10006.06,0
3699,2162,115,2,34612.74,0
3700,2163,21,2,5016.31,20
3701,2164,47,1,35942.37,0
3702,2164,3,1,15305.28,10
3703,2165,127,3,39568.37,15
3704,2166,67,3,39603.66,0
3705,2166,62,1,12178.3,0
3706,2167,150,1,23952.52,0
3707,2167,31,1,20954.93,10
3708,2168,46,4,39898.5,0
3709,2169,45,1,19292.14,0
3710,2169,14,1,10817.34,0
3711,2170,121,1,36485.7,0
3712,2170,140,2,14308.95,0
3713,2171,119,3,11438.84,0
3714,2172,77,1,11173.05,0
3715,2172,88,1,24547.51,10
3716,2173,117,2,36546.48,0
3717,2173,124,1,17778.28,10
3718,2174,54,1,2662.46,10
3719,2175,48,3,30279.27,20
3720,2175,101,3,28699.32,0
3721,2175,15,4,28906.55,0
3722,2176,113,1,28016.78,20
3723,2177,16,1,7444.42,15
3724,2177,135,2,1904.2,0
3725,2177,43,1,5278.14,0
3726,2178,28,1,14438.68,20
3727,2178,66,1,17839.52,0
3728,2178,98,4,23614.55,20
3729,2179,60,2,32574.24,25
3730,2180,128,1,35711.57,0
3731,2181,131,1,19060.43,15
3732,2182,129,3,22821.79,5
3733,2183,56,2,14901.37,15
3734,2183,84,2,29998.37,5
3735,2183,32,1,24944.96,0
3736,2184,81,1,8547.3,10
3737,2184,18,2,2512.66,0
3738,2185,35,4,3250.39,20
3739,2186,104,1,29396.37,5
3740,2186,100,1,811.83,0
3741,2187,23,1,19104.97,0
3742,2187,141,1,1419.2,20
3743,2187,142,1,40181.1,0
3744,2187,5,3,6873.72,20
3745,2188,150,1,25405.73,0
3746,2188,28,1,13321.41,5
3747,2189,132,1,36589.33,20
3748,2189,50,3,44058.04,0
3749,2190,102,2,26214.49,0
3750,2190,29,1,30861.27,20
3751,2191,37,1,21913.75,10
3752,2192,148,1,38069.76,10
3753,2193,130,1,43443.12,15
3754,2193,116,1,49948.27,5
3755,2194,58,2,28248.26,15
3756,2195,146,1,27041.92,10
3757,2195,106,4,31930.69,10
3758,2196,56,1,18006.82,0
3759,2196,122,1,30666.34,20
3760,2197,103,1,6408.15,15
3761,2197,123,1,25817.85,0
3762,2198,22,1,24424.43,10
3763,2199,60,2,33654.57,5
3764,2200,138,1,6366.72,10
3765,2201,84,1,27655.32,25
3766,2202,128,3,33588.98,0
3767,2203,80,4,32132.26,25
3768,2203,134,2,16832.24,0
3769,2204,81,2,7785.11,5
3770,2205,6,1,28279.62,5
3771,2206,86,1,33886.61,0
3772,2207,82,1,43937.65,10
3773,2208,42,4,16502.82,15
3774,2209,74,1,34670.53,0
3775,2210,41,1,22172.83,0
3776,2210,63,1,17797.89,10
3777,2210,22,1,28347.59,15
3778,2211,79,1,37481.16,25
3779,2212,71,1,26071.93,0
3780,2212,114,1,13100.99,20
3781,2213,34,1,25409.15,5
3782,2213,96,1,26929.73,0
3783,2213,130,1,41682.9,25
3784,2214,109,2,26033.92,0
3785,2215,75,1,23781.63,15
3786,2215,19,2,2363.42,15
3787,2215,125,1,29131.09,5
3788,2216,20,1,8772.81,10
3789,2217,116,3,38666.77,10
3790,2218,94,1,8228.94,0
3791,2219,82,1,47266.2,15
3792,2220,96,4,33250.66,20
3793,2221,104,1,34304.64,5
3794,2222,4,1,25627.72,25
3795,2222,147,4,12879.72,5
3796,2223,131,1,16753.6,5
3797,2223,92,2,31477.01,10
3798,2223,61,1,3847.59,0
3799,2224,38,1,4117.47,20
3800,2225,118,1,18320.26,15
3801,2226,134,1,24671.48,20
3802,2227,56,2,15690.53,10
3803,2228,121,4,46057.64,20
3804,2228,81,1,8232.65,10
3805,2229,106,2,26288.2,5
3806,2230,120,1,29799.92,20
3807,2231,69,1,34793.83,5
3808,2231,83,4,7885.07,5
3809,2232,42,1,15910.41,0
3810,2232,99,1,34098.74,20
3811,2232,130,1,39535.02,0
3812,2233,28,1,18087.72,0
3813,2234,117,1,30408.68,0
3814,2234,145,2,17350.92,5
3815,2235,70,3,5448.37,0
3816,2236,107,1,22011.45,15
3817,2237,123,1,29249.21,0
3818,2238,69,1,43314.46,10
3819,2239,39,1,7499.32,0
3820,2239,135,4,2553.48,0
3821,2239,4,4,31893.99,15
3822,2240,149,2,31175.28,5
3823,2241,82,2,46833.71,0
3824,2242,97,3,25982.64,25
3825,2243,142,1,38760.37,0
3826,2244,70,1,6741.96,0
3827,2244,46,1,38502.95,5
3828,2245,148,3,37875.05,0
3829,2246,99,1,29428.0,0
3830,2247,80,1,41198.89,15
3831,2247,48,1,29402.55,0
3832,2248,7,2,33539.83,0
3833,2249,40,3,25797.13,20
3834,2250,59,1,16100.08,5
3835,2251,36,2,5664.88,0
3836,2252,108,1,36202.04,10
3837,2253,31,2,24037.77,0
3838,2254,44,1,13346.7,5
3839,2254,43,1,6867.69,10
3840,2255,134,1,20460.68,25
3841,2255,93,1,33403.17,0
3842,2256,86,3,31133.8,15
3843,2256,9,4,7667.36,0
3844,2257,11,1,5580.83,5
3845,2257,80,1,31301.91,0
3846,2257,109,2,20445.91,5
3847,2258,118,1,14767.02,5
3848,2259,18,1,3091.49,25
3849,2259,97,1,29860.64,20
3850,2259,30,3,34620.68,10
3851,2260,115,2,34651.41,0
3852,2261,1,2,3673.87,10
3853,2262,97,1,33321.98,15
3854,2263,113,2,32112.22,0
3855,2264,79,2,38283.87,5
3856,2264,29,1,29657.09,0
3857,2264,66,3,22340.79,0
3858,2264,105,5,17913.13,0
3859,2265,19,3,2353.6,25
3860,2266,66,2,19675.0,0
3861,2267,112,2,2282.13,0
3862,2268,60,2,29978.9,25
3863,2269,117,3,36467.3,5
3864,2270,68,1,49881.22,15
3865,2271,93,1,38574.6,0
3866,2272,141,2,1787.99,10
3867,2272,143,3,13164.12,0
3868,2272,148,1,28444.12,5
3869,2273,148,2,33214.28,10
3870,2274,50,1,45169.5,5
3871,2275,89,4,33806.77,5
3872,2275,99,2,33725.95,15
3873,2276,113,1,35026.85,5
3874,2276,107,2,27109.2,10
3875,2276,24,2,28270.38,0
3876,2276,25,3,28690.85,20
3877,2277,11,3,6630.2,5
3878,2278,94,1,6912.02,5
3879,2279,60,1,41627.88,5
3880,2279,25,2,22312.7,20
3881,2279,145,4,20760.4,20
3882,2279,140,1,14222.99,0
3883,2280,123,1,27144.53,15
3884,2281,11,1,4958.88,0
3885,2282,10,1,2788.16,0
3886,2283,81,2,7996.55,15
3887,2283,54,1,2758.21,0
3888,2283,109,1,24490.35,0
3889,2284,63,3,15374.26,10
3890,2284,20,1,11651.32,15
3891,2284,5,2,4970.44,0
3892,2284,41,1,28192.47,0
3893,2285,118,2,15519.01,0
3894,2285,63,1,17017.51,0
3895,2286,32,1,25863.45,0
3896,2287,27,1,18170.47,20
3897,2288,68,3,44711.43,0
3898,2289,105,1,14069.83,10
3899,2289,7,1,43232.36,20
3900,2289,103,2,6288.08,10
3901,2290,112,1,2045.47,0
3902,2290,146,4,27631.78,10
3903,2290,103,1,5718.86,20
3904,2291,17,1,27134.81,0
3905,2292,90,1,35240.64,0
3906,2292,115,1,35186.53,0
3907,2293,86,1,36744.03,5
3908,2294,103,1,6441.35,0
3909,2295,82,1,42804.3,10
3910,2295,126,3,7235.73,10
3911,2296,38,2,3670.99,5
3912,2297,92,2,37721.94,10
3913,2298,63,1,16806.7,0
3914,2299,136,2,16090.91,15
3915,2299,30,1,34387.12,10
3916,2300,64,4,6021.02,10
3917,2300,9,1,7068.76,0
3918,2300,57,2,37439.39,10
3919,2301,107,2,24089.14,5
3920,2301,95,2,10498.39,5
3921,2301,75,3,24500.7,0
3922,2301,5,1,5440.62,0
3923,2302,95,2,10004.89,5
3924,2302,4,2,23890.82,5
3925,2303,8,1,19064.69,5
3926,2304,141,1,1541.07,10
3927,2305,133,3,28888.4,0
3928,2305,40,1,35901.0,0
3929,2305,19,1,2752.78,5
3930,2305,82,1,36357.27,10
3931,2306,125,2,35954.47,10
3932,2306,4,3,30688.07,20
3933,2307,128,1,25379.3,15
3934,2307,146,1,28051.8,0
3935,2308,107,1,28843.57,10
3936,2308,93,1,40848.46,5
3937,2309,31,3,22470.11,5
3938,2309,58,1,29274.54,25
3939,2309,28,1,14725.15,5
3940,2310,137,2,37129.76,10
3941,2311,90,1,43293.8,25
3942,2312,49,2,35025.53,0
3943,2312,111,3,7998.35,0
3944,2313,2,1,8649.44,0
3945,2313,6,1,24772.79,0
3946,2313,29,1,33083.12,0
3947,2314,7,1,36153.48,25
3948,2314,34,1,26103.82,25
3949,2315,138,3,5690.65,10
3950,2316,112,2,2522.91,15
3951,2317,57,1,34760.53,0
3952,2317,27,3,20605.01,10
3953,2318,39,1,7707.42,0
3954,2318,150,2,28072.09,5
3955,2319,119,1,11746.18,0
3956,2319,147,1,15851.66,10
3957,2320,100,2,609.47,0
3958,2321,9,1,5320.14,0
3959,2321,147,2,12619.34,10
3960,2321,2,1,7078.9,10
3961,2322,92,1,34794.71,0
3962,2322,59,2,21122.38,0
3963,2323,71,2,25033.36,20
3964,2323,70,1,5716.33,0
3965,2324,25,1,28767.0,10
3966,2325,70,1,4964.71,0
3967,2326,146,2,31012.7,10
3968,2326,63,1,16644.49,10
3969,2326,49,2,34982.19,15
3970,2327,123,4,31854.71,5
3971,2328,124,1,18504.15,0
3972,2329,40,1,31379.37,15
3973,2330,85,2,9583.3,5
3974,2330,87,2,25509.4,15
3975,2331,80,1,31225.22,15
3976,2332,4,2,31347.57,5
3977,2333,34,2,31767.07,25
3978,2333,5,2,6002.15,5
3979,2333,150,1,25732.51,10
3980,2334,148,1,37635.16,10
3981,2334,103,3,5251.96,5
3982,2335,34,3,32114.12,10
3983,2336,6,2,27818.29,15
3984,2337,29,2,34375.28,10
3985,2337,53,1,4081.98,5
3986,2337,1,1,3686.34,10
3987,2337,59,1,15084.52,0
3988,2338,7,2,42810.03,0
3989,2339,78,1,40277.95,0
3990,2339,51,2,5247.32,5
3991,2340,147,2,12939.64,20
3992,2341,27,3,17690.43,10
3993,2341,63,2,18153.9,25
3994,2341,61,1,4430.61,0
3995,2342,61,2,4281.1,10
3996,2342,126,1,10089.87,0
3997,2343,45,1,16992.57,0
3998,2343,149,1,32160.03,15
3999,2344,129,1,19410.64,0
4000,2345,95,4,7856.48,0
4001,2345,91,1,5993.89,0
4002,2345,44,2,15511.19,15
4003,2346,62,1,10848.4,10
4004,2347,61,4,3207.29,0
4005,2347,79,1,29159.48,0
4006,2347,89,1,30344.14,0
4007,2348,112,1,2820.78,0
4008,2349,111,2,9493.68,20
4009,2349,50,1,38724.77,20
4010,2350,41,3,22944.61,25
4011,2351,33,2,12711.86,15
4012,2351,12,1,20255.79,20
4013,2352,2,1,7330.78,15
4014,2353,107,2,27495.11,25
4015,2354,149,1,26077.35,15
4016,2355,142,3,43938.84,5
4017,2356,34,1,31993.38,0
4018,2357,85,2,7932.9,10
4019,2358,85,2,7565.89,10
4020,2358,50,2,42300.21,10
4021,2358,142,1,34134.15,10
4022,2359,106,3,28113.51,10
4023,2360,46,2,34512.41,0
4024,2360,118,1,18688.13,0
4025,2361,5,2,6209.54,20
4026,2362,66,1,16912.01,10
4027,2362,150,4,19539.1,0
4028,2363,70,3,5005.87,20
4029,2364,108,1,31610.12,0
4030,2364,2,1,7549.47,5
4031,2364,29,5,40031.91,0
4032,2364,61,1,3461.55,20
4033,2365,100,4,650.44,10
4034,2365,128,2,28023.76,5
4035,2365,144,1,26950.09,20
4036,2366,97,1,34652.06,20
4037,2367,97,1,25367.04,10
4038,2367,14,3,11042.56,20
4039,2368,43,1,5036.35,10
4040,2369,70,1,5641.8,10
4041,2369,55,3,2014.83,5
4042,2370,31,1,17499.93,0
4043,2371,76,1,41459.54,0
4044,2372,52,1,15553.63,15
4045,2373,128,1,33136.54,0
4046,2373,7,1,40516.77,5
4047,2374,100,1,735.63,0
4048,2375,136,1,18595.05,5
4049,2375,133,1,39760.35,0
4050,2376,61,2,3597.86,15
4051,2377,104,2,31096.08,25
4052,2378,7,1,41318.51,20
4053,2378,83,1,7281.68,10
4054,2379,95,1,7826.38,25
4055,2379,27,1,16201.55,5
4056,2379,124,1,14872.23,5
4057,2380,87,3,22673.04,0
4058,2380,148,1,34440.92,20
4059,2380,70,1,4828.76,0
4060,2381,114,2,14616.36,10
4061,2381,76,2,48860.85,15
4062,2382,114,4,13043.47,10
4063,2382,3,1,13333.17,0
4064,2383,99,1,41394.68,10
4065,2383,124,1,18957.12,15
4066,2384,45,1,15960.21,0
4067,2385,126,1,8532.18,15
4068,2386,68,3,44713.24,20
4069,2387,31,2,21282.27,25
4070,2388,106,1,31166.36,5
4071,2389,38,1,4499.47,0
4072,2389,134,3,23145.39,5
4073,2389,8,1,20094.58,10
4074,2389,28,3,17132.69,20
4075,2390,15,2,31604.51,20
4076,2391,8,5,20674.02,20
4077,2391,54,3,3648.4,10
4078,2392,134,1,18723.35,10
4079,2392,29,2,32432.95,0
4080,2393,115,1,34794.84,5
4081,2394,34,1,22044.88,20
4082,2395,7,1,34231.96,10
4083,2396,40,1,31369.99,5
4084,2396,74,1,38196.89,0
4085,2397,141,1,1844.91,0
4086,2397,62,1,11265.08,10
4087,2397,86,4,30011.27,20
4088,2397,116,1,39865.72,0
4089,2398,65,1,3189.27,0
4090,2399,41,1,26964.67,10
4091,2399,123,1,28342.76,0
4092,2399,116,2,42771.55,0
4093,2400,66,3,18539.67,0
4094,2401,116,1,46269.79,5
4095,2401,139,1,17064.69,10
4096,2402,101,2,28702.94,20
4097,2402,50,1,41560.15,5
4098,2403,71,1,23490.37,10
4099,2404,80,2,35938.46,0
4100,2405,79,2,30174.1,10
4101,2406,20,1,10415.57,10
4102,2407,123,1,25660.1,0
4103,2407,37,2,23268.69,10
4104,2408,3,1,14113.96,0
4105,2409,93,2,39556.41,10
4106,2409,101,1,37354.07,10
4107,2410,32,1,30733.35,10
4108,2411,48,1,28012.29,20
4109,2411,46,3,36942.7,20
4110,2412,114,2,13896.0,15
4111,2412,95,3,9948.35,20
4112,2413,47,1,31878.41,0
4113,2413,40,2,36272.14,5
4114,2414,131,3,19105.56,0
4115,2415,116,1,47636.17,0
4116,2416,91,5,5722.32,5
4117,2416,58,3,38338.06,20
4118,2417,10,4,2657.05,5
4119,2418,61,3,4046.31,10
4120,2419,111,2,9487.22,5
4121,2420,121,4,45662.49,10
4122,2420,61,1,3912.45,15
4123,2421,6,2,22627.8,0
4124,2421,75,1,21433.99,20
4125,2422,115,2,27232.39,0
4126,2422,31,2,21170.91,20
4127,2423,123,2,29779.79,0
4128,2424,67,3,28662.6,10
4129,2425,13,1,40290.42,25
4130,2425,59,1,18549.86,10
4131,2425,54,1,3020.9,10
4132,2426,104,1,36335.49,10
4133,2427,21,2,5419.14,0
4134,2428,43,1,5157.06,0
4135,2428,11,1,5060.5,0
4136,2429,109,1,25639.41,0
4137,2430,67,1,32541.78,20
4138,2431,95,2,7837.4,20
4139,2432,106,2,24404.45,0
4140,2433,51,1,4830.61,15
4141,2434,46,2,37350.59,0
4142,2434,43,1,5064.7,0
4143,2434,27,2,18116.87,15
4144,2435,85,1,10917.31,0
4145,2436,94,5,10026.28,0
4146,2437,127,1,48164.56,10
4147,2437,10,2,3482.56,25
4148,2438,131,1,16415.68,10
4149,2438,60,1,30828.61,0
4150,2438,27,1,17061.94,5
4151,2438,123,1,28533.7,10
4152,2439,62,2,14510.75,10
4153,2440,46,1,32258.91,20
4154,2440,126,2,8776.41,20
4155,2440,63,2,17396.72,20
4156,2441,4,1,26901.29,10
4157,2441,16,1,6562.21,5
4158,2442,74,3,35488.83,10
4159,2443,112,1,2921.88,10
4160,2444,101,1,32173.97,0
4161,2445,45,2,19065.67,5
4162,2445,131,1,16481.27,0
4163,2446,17,1,33606.79,20
4164,2447,5,1,5298.38,0
4165,2448,44,5,12064.06,15
4166,2448,21,1,4911.56,5
4167,2449,68,5,33857.05,15
4168,2450,32,1,29969.94,0
4169,2450,24,1,25237.1,15
4170,2450,146,3,30662.56,0
4171,2451,67,1,28127.51,5
4172,2451,103,1,4545.63,0
4173,2451,54,1,3768.45,5
4174,2452,125,4,27123.4,15
4175,2453,117,1,28526.61,15
4176,2453,65,2,2768.01,0
4177,2453,114,1,15654.45,5
4178,2453,76,1,47384.47,20
4179,2454,17,1,31362.02,10
4180,2455,149,4,30293.9,0
4181,2456,108,2,34091.05,0
4182,2457,28,2,18333.91,10
4183,2457,44,1,11296.46,0
4184,2458,94,1,9486.89,10
4185,2458,22,2,25885.36,10
4186,2459,38,2,4202.36,0
4187,2460,14,2,10598.22,10
4188,2461,111,1,10569.69,15
4189,2462,122,5,29441.99,5
4190,2462,54,1,3340.59,0
4191,2462,141,1,1891.7,10
4192,2463,127,3,44140.42,0
4193,2463,19,2,2956.56,15
4194,2463,42,1,15204.43,20
4195,2464,41,2,25611.93,25
4196,2464,50,1,32929.56,5
4197,2465,131,1,17987.3,10
4198,2465,76,2,45730.18,20
4199,2466,143,1,17185.69,0
4200,2466,99,1,38847.96,0
4201,2467,50,1,35237.03,5
4202,2468,145,1,22265.06,20
4203,2469,146,1,25214.12,5
4204,2469,42,3,19804.85,10
4205,2470,145,1,19686.47,10
4206,2471,16,1,6945.93,10
4207,2472,85,2,10193.19,0
4208,2472,52,2,22060.05,10
4209,2472,36,2,4764.57,10
4210,2472,107,1,25138.08,10
4211,2473,81,1,7551.31,10
4212,2473,115,3,27766.73,5
4213,2473,42,1,17909.0,20
4214,2474,149,1,33200.22,5
4215,2475,68,2,35851.14,5
4216,2475,124,1,18064.57,15
4217,2476,30,5,37992.23,15
4218,2476,33,3,11817.44,10
4219,2476,103,2,5505.55,0
4220,2477,53,3,4359.04,0
4221,2478,144,1,38391.57,0
4222,2479,133,2,34545.49,0
4223,2480,106,2,24338.35,10
4224,2481,77,1,11610.03,15
4225,2481,94,4,8747.1,10
4226,2481,60,3,30381.73,0
4227,2482,111,4,8476.6,0
4228,2483,55,2,1908.16,10
4229,2484,91,1,7738.32,10
4230,2485,42,1,19141.17,20
4231,2486,69,1,33370.27,25
4232,2487,24,1,23309.13,20
4233,2487,118,1,18168.41,5
4234,2488,142,1,42070.1,15
4235,2489,55,2,1930.72,0
4236,2489,15,1,31590.84,0
4237,2490,5,1,6673.82,0
4238,2490,101,1,32741.57,0
4239,2491,132,2,33395.19,0
4240,2492,30,5,33822.86,20
4241,2492,53,2,4024.84,5
4242,2493,73,1,24615.08,15
4243,2493,30,1,36381.4,20
4244,2494,104,2,26066.6,25
4245,2495,105,1,18686.73,20
4246,2496,108,4,27855.17,10
4247,2496,84,1,31069.8,5
4248,2497,92,1,39589.3,10
4249,2497,71,1,21575.67,15
4250,2497,68,2,42184.87,20
4251,2497,55,1,1499.79,25
4252,2498,99,1,41419.78,15
4253,2499,97,1,33254.47,10
4254,2500,71,1,29972.68,25
4255,2501,73,5,30090.27,25
4256,2502,77,1,14944.77,5
4257,2502,108,1,29861.28,10
4258,2503,90,1,34663.59,15
4259,2504,99,1,35899.03,5
4260,2505,3,1,15447.99,15
4261,2506,119,1,11362.2,0
4262,2507,150,2,21507.65,5
4263,2508,111,3,8396.61,5
4264,2509,22,1,29456.66,10
4265,2510,116,2,36438.71,0
4266,2510,113,4,37031.35,0
4267,2510,24,1,27153.02,20
4268,2511,27,1,19054.59,0
4269,2511,36,2,4059.0,0
4270,2511,107,2,31334.05,15
4271,2512,145,1,16909.64,5
4272,2513,56,1,15575.43,15
4273,2514,10,1,3329.41,5
4274,2515,54,1,2704.13,15
4275,2516,81,2,6512.86,5
4276,2517,108,2,28441.46,20
4277,2518,81,3,8005.06,0
4278,2518,127,1,48284.71,5
4279,2519,98,1,24297.46,25
4280,2520,132,2,37466.61,15
4281,2521,61,1,3506.41,15
4282,2521,149,2,23164.52,0
4283,2522,36,2,3980.2,10
4284,2522,102,3,37235.69,0
4285,2523,46,2,30462.0,0
4286,2524,95,2,10608.06,10
4287,2525,71,1,22347.84,25
4288,2526,44,3,14548.68,0
4289,2527,64,1,6308.81,0
4290,2528,146,4,25161.02,0
4291,2529,13,1,43670.34,15
4292,2530,13,1,37741.53,5
4293,2530,25,3,24737.89,5
4294,2531,5,2,5177.46,15
4295,2531,128,2,33715.91,0
4296,2532,39,1,5978.58,5
4297,2533,108,3,31150.69,0
4298,2534,138,2,7121.17,0
4299,2535,25,1,24968.87,0
4300,2536,74,3,38517.56,0
4301,2537,39,2,7843.9,5
4302,2537,16,1,6343.32,0
4303,2537,32,1,27672.42,0
4304,2538,63,2,18542.0,0
4305,2538,93,3,34970.25,0
4306,2539,45,1,16893.21,0
4307,2539,53,2,3707.25,0
4308,2539,50,2,40991.33,25
4309,2540,26,1,15104.94,10
4310,2540,131,1,17589.96,15
4311,2541,90,2,35297.1,15
4312,2541,39,2,5946.58,10
4313,2541,53,1,4047.99,10
4314,2541,22,2,27251.92,10
4315,2542,134,2,21612.53,10
4316,2542,52,2,19100.84,20
4317,2543,75,1,18987.27,0
4318,2543,73,1,23917.62,0
4319,2543,29,2,30911.68,0
4320,2543,122,2,22832.23,15
4321,2544,86,1,37629.01,5
4322,2545,46,2,38380.88,20
4323,2546,4,2,23936.01,5
4324,2546,2,1,7933.09,5
4325,2547,133,2,40747.58,5
4326,2547,46,1,30070.78,10
4327,2547,79,2,32210.24,15
4328,2547,147,1,16270.6,5
4329,2548,59,2,14635.03,10
4330,2549,72,1,17947.78,0
4331,2550,20,1,12310.06,10
4332,2551,53,1,3213.68,10
4333,2551,107,2,29873.1,20
4334,2552,55,1,1645.88,20
4335,2553,121,1,36817.28,5
4336,2553,15,5,26498.9,0
4337,2554,1,1,3051.17,15
4338,2554,95,1,8968.51,0
4339,2554,137,2,26695.51,5
4340,2554,18,2,2924.98,0
4341,2555,105,1,16789.46,5
4342,2555,65,2,3109.49,10
4343,2555,77,1,12088.65,5
4344,2556,116,1,39734.95,20
4345,2557,69,1,34526.87,10
4346,2558,142,1,42284.08,10
4347,2559,75,1,18837.84,5
4348,2560,51,1,4921.78,0
4349,2561,15,2,24308.66,15
4350,2561,69,1,41744.53,10
4351,2562,15,1,26983.55,10
4352,2563,30,1,31963.8,5
4353,2563,78,1,41925.69,10
4354,2563,35,1,2865.95,15
4355,2564,69,2,44241.83,10
4356,2564,140,2,13325.43,10
4357,2564,46,2,36545.65,20
4358,2565,126,2,10133.26,10
4359,2566,85,1,10475.61,0
4360,2566,48,2,27653.61,10
4361,2566,67,2,28493.56,10
4362,2566,89,1,30268.2,0
4363,2567,52,3,18003.62,5
4364,2567,22,1,30114.84,10
4365,2568,99,1,37983.74,10
4366,2569,131,1,19523.37,20
4367,2570,88,3,23300.05,15
4368,2571,136,3,20096.24,0
4369,2572,118,4,13671.59,10
4370,2572,39,1,5811.38,10
4371,2573,18,2,2823.24,0
4372,2574,105,1,16269.95,0
4373,2574,131,1,20365.56,0
4374,2575,146,3,22726.36,0
4375,2576,80,1,31739.53,15
4376,2577,117,1,36108.53,0
4377,2577,1,1,3656.81,0
4378,2578,117,1,32127.92,0
4379,2578,128,1,28938.56,10
4380,2579,26,1,15046.47,0
4381,2580,12,1,19373.69,0
4382,2581,38,1,3700.13,5
4383,2581,85,1,9571.23,0
4384,2581,53,3,4356.81,5
4385,2582,13,2,36340.64,15
4386,2582,128,2,24603.38,0
4387,2583,76,2,45843.75,0
4388,2584,13,1,45539.35,0
4389,2585,146,2,22862.39,20
4390,2586,147,4,14269.63,0
4391,2587,147,1,12961.68,25
4392,2587,48,1,23167.44,15
4393,2588,71,2,27141.23,5
4394,2588,92,1,41012.04,15
4395,2589,147,3,15954.44,5
4396,2589,86,2,42705.64,10
4397,2590,83,1,7041.42,10
4398,2591,48,1,31512.95,10
4399,2591,29,2,31383.03,0
4400,2591,19,1,2277.54,10
4401,2592,99,3,38752.14,10
4402,2593,47,1,36656.96,0
4403,2593,89,4,27439.4,25
4404,2593,60,1,37891.16,0
4405,2594,148,2,30921.86,20
4406,2595,147,1,15345.97,10
4407,2596,42,1,15596.22,10
4408,2596,77,2,15194.27,20
4409,2597,76,1,39355.15,15
4410,2598,143,1,16219.66,0
4411,2598,68,1,34187.21,10
4412,2599,79,1,35970.73,0
4413,2599,75,1,22303.71,5
4414,2600,87,2,20513.34,20
4415,2601,15,1,23649.97,0
4416,2601,90,1,34084.13,0
4417,2602,7,1,39557.35,10
4418,2603,13,3,40793.6,5
4419,2604,13,3,36551.48,5
4420,2604,148,1,35520.84,10
4421,2604,10,3,3581.06,10
4422,2604,124,2,14539.94,5
4423,2605,126,1,8563.19,5
4424,2605,27,1,18061.58,25
4425,2605,100,1,705.77,25
4426,2606,16,1,5441.5,10
4427,2607,59,2,15762.02,0
4428,2608,21,2,4467.66,5
4429,2609,16,2,6858.13,20
4430,2609,13,1,42294.03,5
4431,2610,33,2,12139.04,25
4432,2610,69,1,36822.93,5
4433,2610,52,1,17816.29,20
4434,2611,65,5,3549.56,0
4435,2612,44,1,12023.68,5
4436,2612,79,1,32933.28,10
4437,2613,16,2,7409.83,20
4438,2614,18,3,3029.73,10
4439,2615,17,1,35573.23,0
4440,2615,52,2,17593.46,20
4441,2615,56,3,18782.91,10
4442,2616,93,1,41231.78,0
4443,2617,9,1,6948.17,5
4444,2618,145,2,17454.15,10
4445,2618,27,1,14359.31,5
4446,2619,37,1,21014.74,20
4447,2620,22,3,34746.85,5
4448,2621,72,2,17919.32,10
4449,2621,99,1,40541.09,0
4450,2621,72,1,16488.46,5
4451,2622,123,2,25217.23,0
4452,2622,91,1,7539.65,0
4453,2623,36,2,5280.9,0
4454,2623,98,2,25398.52,0
4455,2623,42,1,19819.31,0
4456,2624,111,5,9300.53,5
4457,2625,13,3,32931.43,0
4458,2626,79,1,37427.13,0
4459,2626,118,1,13989.85,25
4460,2626,52,1,20521.17,5
4461,2626,95,1,10173.59,5
4462,2627,112,1,2279.58,0
4463,2628,58,1,37834.76,5
4464,2629,87,1,21769.58,10
4465,2630,3,1,16631.82,5
4466,2631,116,1,35012.57,5
4467,2632,16,1,7080.59,10
4468,2632,130,1,42976.99,20
4469,2632,23,1,21810.24,20
4470,2633,98,4,25506.24,0
4471,2633,10,1,3622.09,10
4472,2633,65,3,3444.75,0
4473,2633,22,1,34935.73,10
4474,2634,52,2,18690.71,5
4475,2634,111,1,9910.12,5
4476,2635,80,2,32743.76,10
4477,2635,133,1,40794.21,15
4478,2636,53,4,3164.5,10
4479,2636,23,1,20688.57,0
4480,2636,106,1,27475.68,15
4481,2637,91,1,6746.58,15
4482,2637,119,2,11898.19,0
4483,2638,138,4,5667.08,0
4484,2639,120,1,29789.7,15
4485,2640,93,2,36591.66,5
4486,2641,62,2,14530.93,10
4487,2642,82,1,40423.24,5
4488,2643,7,2,35624.85,25
4489,2644,100,1,669.64,20
4490,2645,74,1,38542.18,0
4491,2646,138,2,5417.89,5
4492,2647,57,1,38135.87,5
4493,2648,30,3,28951.12,0
4494,2648,3,3,13990.15,5
4495,2649,14,3,12605.87,15
4496,2650,77,1,13094.84,15
4497,2650,83,1,7816.38,20
4498,2650,138,1,7093.53,0
4499,2651,79,5,30796.82,15
4500,2651,38,1,4322.58,5
4501,2651,142,1,33737.2,0
4502,2651,40,1,30264.47,5
4503,2652,140,1,13312.36,15
4504,2652,142,1,34534.53,5
4505,2653,129,1,19520.34,25
4506,2653,68,1,39898.84,10
4507,2654,49,4,42997.73,5
4508,2654,18,2,2816.1,0
4509,2654,64,2,6326.71,0
4510,2655,96,1,36297.96,10
4511,2656,28,2,13721.75,10
4512,2656,25,3,22028.65,5
4513,2656,148,4,31758.69,10
4514,2656,30,1,33217.78,15
4515,2657,102,3,32577.02,0
4516,2657,117,1,30324.93,10
4517,2658,106,1,25487.08,10
4518,2658,74,1,32757.38,0
4519,2659,69,2,44689.82,20
4520,2660,8,2,25322.25,15
4521,2661,123,1,23228.68,0
4522,2661,97,2,26210.29,20
4523,2662,101,1,27342.67,20
4524,2662,1,1,4188.4,15
4525,2663,95,1,10467.06,5
4526,2663,7,1,34889.94,25
4527,2664,62,1,11811.95,0
4528,2665,111,1,9283.46,10
4529,2666,87,5,23300.62,0
4530,2667,87,3,24917.84,5
4531,2668,123,1,27320.56,20
4532,2669,8,2,25349.4,15
4533,2670,64,1,4546.7,15
4534,2671,136,1,20961.97,5
4535,2672,131,1,17308.55,20
4536,2673,127,1,39904.7,5
4537,2673,127,1,45260.15,0
4538,2673,116,1,48940.65,10
4539,2674,49,1,41483.73,5
4540,2674,130,3,44509.76,0
4541,2675,127,5,45938.3,20
4542,2675,137,4,30511.12,10
4543,2676,46,5,39549.4,20
4544,2677,65,1,3506.53,10
4545,2677,90,2,38007.66,0
4546,2678,29,1,35916.52,0
4547,2679,33,3,15375.07,20
4548,2679,28,2,17797.15,0
4549,2679,95,1,8333.87,10
4550,2679,83,1,8065.21,0
4551,2680,112,1,2758.15,10
4552,2680,114,1,12487.08,0
4553,2681,29,5,38379.53,0
4554,2681,139,3,17838.19,15
4555,2682,102,1,27296.15,0
4556,2682,104,1,31817.77,10
4557,2682,48,1,31626.63,15
4558,2683,124,5,14485.06,10
4559,2684,111,3,11038.44,0
4560,2685,24,1,26448.77,15
4561,2685,23,2,24930.76,20
4562,2686,16,2,7565.92,10
4563,2687,27,1,19957.39,10
4564,2688,133,4,37920.42,20
4565,2688,35,1,3354.46,15
4566,2689,56,1,14612.31,5
4567,2690,127,1,38713.36,25
4568,2690,138,2,5377.72,0
4569,2691,38,1,4796.2,25
4570,2691,9,2,5579.04,0
4571,2691,69,3,34532.31,5
4572,2692,5,2,6706.64,20
4573,2693,84,2,33565.06,0
4574,2694,139,1,23233.61,0
4575,2695,60,1,30594.31,10
4576,2696,135,1,2242.84,10
4577,2697,67,1,31326.65,0
4578,2698,69,4,31911.07,5
4579,2699,77,3,12555.53,5
4580,2700,144,1,31706.66,0
4581,2700,118,2,13565.58,10
4582,2701,12,2,24194.01,0
4583,2701,27,4,16646.31,0
4584,2701,85,1,7668.5,10
4585,2702,108,2,36672.38,20
4586,2702,55,1,1879.61,10
4587,2703,52,1,21530.61,0
4588,2704,37,1,19432.2,10
4589,2705,113,1,40687.38,20
4590,2705,120,1,29760.85,5
4591,2706,15,1,27095.29,5
4592,2707,84,2,30433.57,25
4593,2708,83,2,5838.64,10
4594,2708,65,4,3416.87,15
4595,2708,3,1,15309.98,10
4596,2709,105,4,19716.36,0
4597,2710,133,2,35604.69,0
4598,2711,137,1,39010.58,10
4599,2711,129,2,25289.5,5
4600,2711,30,2,38703.49,5
4601,2712,71,1,23965.37,0
4602,2712,148,2,28573.14,20
4603,2712,93,2,42027.96,20
4604,2713,27,5,19357.97,5
4605,2714,63,3,14626.87,10
4606,2715,81,2,8553.93,0
4607,2715,31,2,21342.88,5
4608,2716,147,4,12678.14,5
4609,2716,114,4,13924.59,10
4610,2717,102,2,37770.98,5
4611,2718,93,2,37801.35,5
4612,2718,135,1,2593.89,0
4613,2719,71,3,21005.06,0
4614,2719,86,1,39140.96,20
4615,2719,136,1,22037.32,0
4616,2719,28,1,15853.97,0
4617,2720,82,1,37575.75,5
4618,2721,95,1,9396.0,0
4619,2721,17,3,38794.46,10
4620,2721,139,2,17761.71,5
4621,2722,143,1,15408.64,0
4622,2722,95,2,7712.96,0
4623,2722,121,5,42624.59,0
4624,2722,6,1,26412.23,5
4625,2723,12,1,27632.89,15
4626,2724,87,1,22492.46,0
4627,2724,103,4,5661.23,10
4628,2725,104,1,35526.86,15
4629,2726,35,5,2758.11,0
4630,2726,67,1,36486.22,10
4631,2727,106,1,32760.82,10
4632,2727,92,1,32470.12,10
4633,2728,63,1,14327.59,20
4634,2729,83,2,7232.46,5
4635,2729,82,1,37871.14,0
4636,2730,31,1,18823.53,10
4637,2730,37,1,23111.91,0
4638,2731,133,3,34383.73,0
4639,2732,115,3,33893.44,20
4640,2733,121,2,37660.71,10
4641,2734,132,4,42136.88,5
4642,2734,118,2,17929.0,0
4643,2735,38,1,4908.37,0
4644,2735,110,1,26364.31,0
4645,2735,147,1,14845.16,15
4646,2735,26,1,18998.48,25
4647,2736,127,3,46568.55,10
4648,2736,52,3,21637.96,0
4649,2736,118,1,13477.5,15
4650,2737,61,1,4309.4,20
4651,2738,150,2,28100.76,20
4652,2739,145,5,21704.4,10
4653,2740,139,1,17839.88,5
4654,2741,111,1,11007.84,10
4655,2742,49,5,39006.73,0
4656,2743,107,4,29821.48,10
4657,2744,93,1,42289.0,10
4658,2744,124,1,14834.32,10
4659,2744,61,2,3881.99,10
4660,2744,140,3,12161.06,10
4661,2745,141,1,2059.88,10
4662,2745,58,4,30921.73,0
4663,2746,11,1,5286.54,20
4664,2746,139,2,23403.63,10
4665,2747,122,2,23811.27,10
4666,2748,105,1,18082.09,0
4667,2748,36,1,4504.74,20
4668,2748,130,1,41280.1,5
4669,2748,87,3,24322.68,10
4670,2749,61,1,3609.1,25
4671,2749,78,2,46506.18,20
4672,2750,49,2,32847.89,10
4673,2750,140,1,11727.61,0
4674,2750,6,4,25307.83,25
4675,2751,44,2,14319.38,25
4676,2752,23,2,21099.38,0
4677,2753,115,2,25160.25,5
4678,2754,98,2,27896.55,10
4679,2755,108,1,32894.78,0
4680,2755,96,3,29489.42,0
4681,2756,26,1,17960.65,10
4682,2756,135,2,2078.55,25
4683,2756,33,2,11818.02,0
4684,2757,82,1,34649.5,20
4685,2758,148,1,28794.04,20
4686,2759,95,1,7854.99,20
4687,2759,129,1,21563.49,5
4688,2760,7,3,40259.82,5
4689,2761,124,3,18527.56,5
4690,2761,58,1,27081.12,20
4691,2762,86,1,41819.0,5
4692,2762,34,3,30343.9,0
4693,2763,51,1,5552.86,0
4694,2764,120,5,24273.34,5
4695,2764,138,1,6351.01,25
4696,2765,111,2,8546.98,10
4697,2766,106,1,33449.51,10
4698,2766,26,1,15940.99,0
4699,2766,32,1,27220.05,20
4700,2767,124,2,17587.13,10
4701,2767,12,1,24449.33,20
4702,2768,87,2,23814.27,5
4703,2768,78,1,33265.65,10
4704,2768,34,1,26166.1,5
4705,2769,70,1,6586.74,0
4706,2770,8,1,24694.12,0
4707,2771,81,1,8032.84,0
4708,2772,26,1,18849.63,5
4709,2773,57,2,35284.94,10
4710,2773,135,4,2063.84,0
4711,2773,26,2,16586.99,5
4712,2774,114,1,13851.61,5
4713,2775,118,1,17537.06,10
4714,2775,116,1,41346.63,0
4715,2775,47,1,33004.43,10
4716,2776,102,1,31624.37,5
4717,2777,124,1,15351.39,0
4718,2778,24,1,28940.28,10
4719,2778,30,1,28697.47,0
4720,2778,54,1,3257.84,20
4721,2779,67,1,36740.23,20
4722,2780,32,1,26118.72,10
4723,2780,8,2,18057.93,0
4724,2781,46,1,36860.35,10
4725,2782,80,1,29829.95,10
4726,2782,35,1,3062.65,5
4727,2782,89,1,32404.28,0
4728,2783,79,3,30200.54,0
4729,2783,136,1,18711.22,0
4730,2784,34,1,31446.89,10
4731,2784,25,2,26453.63,20
4732,2785,113,2,41058.34,5
4733,2786,83,3,6267.96,0
4734,2787,43,3,6351.19,0
4735,2787,126,1,9366.97,5
4736,2787,13,1,45801.38,0
4737,2788,125,2,26705.07,0
4738,2788,76,4,38828.16,0
4739,2788,87,2,19973.73,10
4740,2789,104,1,36097.84,10
4741,2790,130,1,39087.66,20
4742,2791,40,2,36576.06,10
4743,2792,23,1,20146.23,0
4744,2793,69,1,33683.72,15
4745,2793,34,2,24862.9,0
4746,2794,55,1,1791.57,10
4747,2795,106,3,33773.88,0
4748,2796,4,3,26262.8,0
4749,2796,70,1,6569.04,5
4750,2797,47,2,34763.67,0
4751,2798,114,2,14954.46,0
4752,2798,117,1,38524.27,0
4753,2799,118,1,14694.9,15
4754,2799,7,1,31407.53,0
4755,2799,113,3,32662.83,5
4756,2799,98,1,19612.68,15
4757,2800,29,1,40891.86,0
4758,2801,115,1,35009.44,15
4759,2801,140,1,13352.74,15
4760,2802,145,1,22786.44,25
4761,2803,37,1,17587.0,5
4762,2804,34,1,22544.62,5
4763,2805,134,2,23177.79,10
4764,2806,96,2,32112.76,0
4765,2807,73,2,28128.6,0
4766,2808,122,1,30519.15,0
4767,2808,150,2,23200.84,10
4768,2808,10,1,2686.39,0
4769,2809,29,1,39446.86,10
4770,2809,139,1,19931.29,0
4771,2810,92,1,39126.51,10
4772,2810,56,1,16299.02,5
4773,2810,85,1,8280.42,0
4774,2810,95,1,7763.46,0
4775,2811,58,1,36714.56,0
4776,2811,52,1,19620.1,0
4777,2812,61,4,3590.73,5
4778,2813,17,1,33322.72,25
4779,2814,30,3,33568.13,10
4780,2815,72,1,14577.04,15
4781,2816,37,1,18622.35,25
4782,2816,133,4,31602.58,10
4783,2817,80,3,34477.64,0
4784,2818,129,1,22255.7,20
4785,2819,137,1,28643.67,10
4786,2820,71,1,24617.89,25
4787,2821,107,2,25394.55,10
4788,2822,133,1,31517.62,15
4789,2823,121,2,50891.37,20
4790,2823,75,2,17806.27,15
4791,2824,68,1,44209.69,10
4792,2825,138,2,5220.89,5
4793,2825,98,2,26905.81,15
4794,2826,132,1,41785.83,15
4795,2827,52,1,18343.81,5
4796,2828,74,3,44657.61,5
4797,2828,18,1,2428.38,10
4798,2829,76,2,36533.33,0
4799,2829,108,1,31580.02,0
4800,2830,60,1,33369.68,0
4801,2831,37,5,18767.1,20
4802,2831,77,1,13022.96,0
4803,2831,146,1,25662.1,10
4804,2832,126,2,9563.0,15
4805,2833,29,2,31936.55,0
4806,2834,108,1,27679.04,0
4807,2834,30,3,32805.91,20
4808,2835,119,1,10041.76,10
4809,2835,102,2,26883.9,0
4810,2836,7,1,32991.81,15
4811,2837,74,1,39852.92,15
4812,2838,37,2,17540.68,15
4813,2838,27,2,19972.94,0
4814,2838,21,2,4698.98,5
4815,2839,43,1,4788.68,10
4816,2840,51,4,4614.24,5
4817,2841,93,1,44782.85,0
4818,2842,71,1,26999.57,0
4819,2842,13,4,37790.58,10
4820,2842,109,1,20528.3,5
4821,2843,114,1,13834.17,0
4822,2844,125,5,28099.71,15
4823,2844,105,4,17829.72,5
4824,2845,141,2,1813.6,0
4825,2845,37,1,17770.44,10
4826,2846,140,1,10203.89,5
4827,2847,18,1,2952.38,10
4828,2847,122,1,28454.7,0
4829,2848,85,1,10523.2,0
4830,2848,117,1,32038.01,10
4831,2848,118,1,17049.31,25
4832,2848,62,1,10899.83,0
4833,2849,24,2,24262.91,10
4834,2850,60,1,37688.94,0
4835,2851,145,3,23586.24,0
4836,2851,106,1,27742.88,0
4837,2851,60,1,39641.18,20
4838,2852,9,1,6881.77,0
4839,2852,143,1,15068.8,0
4840,2853,77,1,15683.92,15
4841,2854,81,2,7788.55,0
4842,2854,126,1,9352.05,0
4843,2855,137,3,32720.53,0
4844,2855,56,2,16395.84,25
4845,2856,94,1,9600.57,0
4846,2856,127,1,38565.46,25
4847,2857,36,2,4008.49,0
4848,2857,128,2,34397.3,0
4849,2857,20,3,11690.68,20
4850,2858,55,2,1637.87,10
4851,2859,60,1,31226.65,5
4852,2860,129,1,23758.37,5
4853,2860,45,2,15766.66,0
4854,2861,24,1,25606.48,10
4855,2862,4,2,23086.1,10
4856,2862,91,2,7322.26,0
4857,2863,107,1,21720.46,20
4858,2864,13,1,42044.38,5
4859,2865,149,2,30350.71,0
4860,2866,101,1,32323.81,0
4861,2866,95,2,7777.2,20
4862,2867,57,2,35120.23,5
4863,2867,71,1,23822.98,10
4864,2868,100,1,673.82,20
4865,2869,107,2,28027.04,10
4866,2870,90,1,30300.57,10
4867,2871,108,1,36765.34,0
4868,2871,130,3,43529.31,10
4869,2872,43,2,5751.43,5
4870,2873,43,2,5522.02,20
4871,2873,63,1,18634.72,0
4872,2874,73,4,29173.17,0
4873,2875,117,2,41898.32,0
4874,2876,48,1,25967.58,5
4875,2876,5,2,6769.57,0
4876,2877,76,1,35670.89,15
4877,2878,35,1,2861.08,20
4878,2879,93,1,37203.43,10
4879,2880,144,1,32493.28,0
4880,2881,83,2,7573.17,0
4881,2882,60,1,31017.54,25
4882,2883,107,2,30326.58,0
4883,2883,117,1,36017.21,10
4884,2884,51,1,5444.29,5
4885,2884,127,1,33843.86,25
4886,2885,91,1,7409.62,0
4887,2885,82,1,38732.26,0
4888,2886,59,1,17779.18,10
4889,2887,64,2,5883.05,0
4890,2887,105,2,15091.44,10
4891,2888,141,2,1557.14,0
4892,2888,70,2,6106.14,5
4893,2889,131,2,18642.22,5
4894,2890,12,1,21163.62,10
4895,2890,41,5,26172.03,20
4896,2891,105,1,16604.49,25
4897,2891,65,2,3393.03,15
4898,2891,63,2,13300.44,15
4899,2892,8,1,22314.04,5
4900,2893,11,5,6206.44,0
4901,2893,17,1,36591.66,10
4902,2893,124,1,20301.05,0
4903,2894,95,1,8687.37,0
4904,2895,115,1,27983.19,10
4905,2896,123,2,23087.99,10
4906,2897,87,1,21812.51,0
4907,2897,56,3,13919.12,15
4908,2898,94,2,9453.05,20
4909,2899,98,1,26607.25,10
4910,2899,19,1,2586.18,10
4911,2899,57,1,37655.32,0
4912,2900,16,3,5695.43,25
4913,2900,45,2,21380.13,0
4914,2900,113,1,39475.05,20
4915,2901,121,1,38829.82,20
4916,2901,103,1,5777.96,10
4917,2902,127,1,37982.67,15
4918,2903,44,2,12183.96,5
4919,2903,109,2,20570.57,20
4920,2903,109,1,25985.15,15
4921,2904,110,3,23815.49,0
4922,2904,111,1,7958.06,0
4923,2904,130,1,34091.6,10
4924,2905,134,2,19265.42,15
4925,2906,9,1,6860.42,20
4926,2906,15,1,23519.22,15
4927,2907,58,1,38575.25,0
4928,2907,2,1,6974.82,5
4929,2908,131,1,17285.31,10
4930,2908,55,2,1538.84,10
4931,2909,53,1,3457.45,0
4932,2910,94,1,7072.63,10
4933,2911,72,1,14923.3,10
4934,2912,40,1,35961.2,10
4935,2913,39,1,7075.97,10
4936,2913,141,3,2011.82,10
4937,2914,104,3,26211.11,0
4938,2914,105,1,16578.83,20
4939,2914,55,3,1546.35,0
4940,2914,142,1,42072.01,15
4941,2915,65,1,3733.01,0
4942,2915,24,2,29594.14,10
4943,2915,115,2,24450.06,20
4944,2915,113,1,32016.83,0
4945,2916,22,1,24259.8,25
4946,2916,78,1,32326.25,0
4947,2917,45,1,15772.14,0
4948,2917,136,1,17173.1,20
4949,2918,64,2,4970.72,10
4950,2919,97,1,28341.33,0
4951,2919,115,1,28700.88,20
4952,2920,21,1,5940.27,10
4953,2921,105,2,14533.18,0
4954,2922,45,1,16340.59,20
4955,2922,44,1,14295.93,5
4956,2923,41,1,27063.67,0
4957,2924,96,2,27203.19,15
4958,2925,139,1,23052.55,15
4959,2925,101,1,30341.73,10
4960,2925,115,1,28264.32,20
4961,2926,18,1,2605.31,20
4962,2927,139,1,18904.73,0
4963,2928,27,1,17818.93,20
4964,2929,102,1,30990.68,5
4965,2930,29,2,32125.92,5
4966,2931,149,1,32890.11,25
4967,2931,29,2,32794.54,15
4968,2932,137,1,35286.74,0
4969,2933,102,4,30472.98,10
4970,2933,91,4,6879.22,10
4971,2934,5,2,5254.55,0
4972,2935,97,4,32344.22,20
4973,2936,15,1,29001.12,15
4974,2936,5,2,4771.96,15
4975,2937,148,1,27436.19,10
4976,2937,101,2,37780.78,0
4977,2938,81,1,8925.61,20
4978,2938,114,1,13947.7,5
4979,2939,4,4,27407.85,0
4980,2939,34,1,30235.35,25
4981,2939,40,2,27171.57,20
4982,2940,150,2,25467.39,10
4983,2941,127,1,41495.99,0
4984,2942,142,1,42402.88,0
4985,2942,136,1,15386.87,5
4986,2942,128,3,31073.5,10
4987,2943,67,4,34936.61,10
4988,2944,114,2,15745.61,15
4989,2945,119,3,10945.58,10
4990,2946,94,1,9705.7,10
4991,2946,12,1,27114.57,15
4992,2947,52,1,18393.02,10
4993,2948,2,1,6532.03,25
4994,2949,1,1,3839.58,20
4995,2950,55,1,1975.9,0
4996,2950,104,2,25854.12,20
4997,2951,99,1,36746.21,0
4998,2952,68,1,35672.1,25
4999,2953,82,1,32768.37,10
5000,2953,140,2,13089.38,10
5001,2954,50,1,40715.4,0
5002,2954,21,1,5585.91,0
5003,2954,10,2,3545.22,0
5004,2955,85,1,7791.98,20
5005,2955,104,1,26215.9,5
5006,2956,89,2,33669.24,10
5007,2956,114,1,13932.61,20
5008,2957,115,1,27184.35,0
5009,2958,14,1,13133.96,15
5010,2959,104,1,35635.98,5
5011,2960,82,2,43020.27,0
5012,2960,30,1,36648.31,20
5013,2961,14,3,11018.55,10
5014,2962,110,1,25291.0,0
5015,2962,145,1,23897.94,10
5016,2962,62,1,13347.48,20
5017,2963,110,3,24710.59,0
5018,2963,150,2,24265.4,5
5019,2963,53,1,4094.55,15
5020,2963,76,2,37818.49,20
5021,2964,55,1,1830.04,15
5022,2965,22,1,24415.07,0
5023,2966,103,1,5100.48,5
5024,2967,45,1,20091.97,15
5025,2968,119,1,8859.53,0
5026,2969,8,1,19276.01,10
5027,2969,65,1,3621.86,10
5028,2969,5,1,6244.51,15
5029,2970,45,1,18819.88,0
5030,2971,46,3,31966.31,0
5031,2972,145,2,19670.65,10
5032,2973,79,4,33257.93,10
5033,2973,148,1,28649.37,15
5034,2973,66,1,20412.09,0
5035,2974,4,2,26512.92,0
5036,2974,88,1,21641.01,10
5037,2975,55,1,1463.91,20
5038,2975,59,1,15049.29,15
5039,2975,2,2,8955.3,10
5040,2976,46,2,42638.5,25
5041,2976,2,2,7378.4,5
5042,2976,129,4,24732.79,5
5043,2976,13,4,42454.8,0
5044,2977,70,1,4825.23,20
5045,2978,22,1,27328.48,10
5046,2979,17,1,31020.4,5
5047,2980,86,1,37303.91,0
5048,2981,70,1,5837.26,5
5049,2981,116,1,48845.56,0
5050,2982,3,1,16607.48,0
5051,2983,110,2,31328.41,25
5052,2984,81,1,8932.81,0
5053,2984,101,1,36262.43,10
5054,2985,35,1,2771.23,0
5055,2985,135,2,2077.13,15
5056,2986,50,2,39098.94,10
5057,2986,10,1,3341.35,0
5058,2987,19,3,2554.56,20
5059,2988,23,1,24824.7,15
5060,2988,95,2,10473.44,25
5061,2989,64,1,5521.09,0
5062,2990,96,1,30869.85,5
5063,2991,97,1,33374.39,25
5064,2991,9,1,5257.47,15
5065,2992,125,3,27152.36,15
5066,2992,18,2,3046.41,10
5067,2992,82,1,43676.68,10
5068,2992,29,1,34267.82,15
5069,2993,116,1,48283.98,0
5070,2994,83,1,6810.17,10
5071,2995,61,3,3920.59,15
5072,2996,133,1,36136.44,0
5073,2997,105,1,14812.67,0
5074,2997,114,4,12759.51,0
5075,2997,69,1,45679.5,20
5076,2998,118,1,14132.25,15
5077,2999,15,1,23221.34,10
5078,2999,90,1,37228.7,15
5079,3000,88,1,18400.33,5
5080,3000,83,1,8324.71,20
5081,3001,20,2,8784.48,0
5082,3001,107,2,27764.01,10
5083,3002,73,2,24660.42,0
5084,3003,92,3,38822.77,0
5085,3004,16,1,6911.88,0
5086,3005,75,1,20394.93,5
5087,3006,98,2,28231.15,15
5088,3007,119,1,8530.83,5
5089,3007,57,1,42751.94,0
5090,3007,149,1,33824.46,25
5091,3008,133,2,36887.19,0
5092,3009,137,1,35808.96,25
5093,3009,11,1,4886.28,20
5094,3010,105,1,13751.68,10
5095,3011,65,2,2593.86,0
5096,3011,26,1,21818.03,10
5097,3012,19,1,3165.96,15
5098,3012,16,2,6253.62,5
5099,3012,56,2,15353.3,0
5100,3012,101,1,28046.0,15
5101,3013,114,1,12997.37,10
5102,3014,68,2,39798.18,0
5103,3014,78,4,43067.64,20
5104,3014,30,1,37593.62,20
5105,3015,7,1,42081.44,5
5106,3015,140,1,12932.71,0
5107,3016,107,2,29295.46,10
5108,3016,22,2,32385.56,0
5109,3017,30,1,32628.81,0
5110,3017,148,1,30952.05,20
5111,3018,49,3,35078.61,25
5112,3019,69,2,42084.41,5
5113,3020,42,4,19901.49,15
5114,3021,6,2,26820.09,0
5115,3022,34,1,31277.82,5
5116,3022,122,1,22381.44,0
5117,3022,124,2,19655.53,0
5118,3022,10,1,3538.47,10
5119,3023,28,1,16658.57,15
5120,3023,3,1,17437.72,5
5121,3024,77,4,14169.69,5
5122,3025,111,1,8821.36,0
5123,3025,126,1,7875.3,15
5124,3025,35,2,3026.14,5
5125,3026,114,3,16098.12,0
5126,3026,62,3,10671.37,0
5127,3027,52,1,19837.23,0
5128,3028,116,1,46354.93,5
5129,3029,47,1,32845.75,0
5130,3030,101,3,27680.03,15
5131,3030,23,1,20751.98,20
5132,3030,107,2,24249.99,0
5133,3031,35,1,2617.37,5
5134,3031,103,1,4876.83,5
5135,3031,119,1,8785.66,25
5136,3032,32,3,30428.35,0
5137,3033,2,5,8146.3,10
5138,3034,112,3,2652.5,0
5139,3034,122,1,27890.04,5
5140,3035,16,2,7848.07,0
5141,3035,144,2,38135.92,0
5142,3035,92,1,40879.22,0
5143,3036,54,4,3139.17,0
5144,3036,148,1,37864.1,0
5145,3037,33,4,15392.08,10
5146,3037,136,2,17634.82,10
5147,3038,53,1,3240.38,10
5148,3039,64,1,5756.07,0
5149,3040,58,1,28847.08,0
5150,3041,118,1,14818.01,15
5151,3041,37,1,19544.0,0
5152,3042,12,2,25226.4,20
5153,3043,84,1,36209.49,20
5154,3043,132,1,37322.95,0
5155,3043,94,4,9023.78,20
5156,3044,86,1,33336.2,10
5157,3045,38,3,4702.87,10
5158,3045,92,1,33908.44,20
5159,3045,14,2,13685.37,5
5160,3046,75,1,20429.03,15
5161,3047,128,2,29632.47,10
5162,3048,73,2,25601.98,15
5163,3048,10,3,3487.42,10
5164,3049,38,1,5153.83,0
5165,3050,105,1,15743.29,0
5166,3050,32,3,28898.62,20
5167,3050,14,1,12984.32,0
5168,3051,132,1,41524.21,5
5169,3051,96,1,31319.52,5
5170,3052,10,1,2643.54,0
5171,3053,118,1,15283.4,0
5172,3053,107,1,27085.2,0
5173,3053,16,1,6467.66,5
5174,3054,96,1,27597.63,20
5175,3054,18,1,2207.49,5
5176,3054,7,2,41201.65,10
5177,3055,126,3,10528.21,5
5178,3056,115,1,34614.79,20
5179,3056,111,2,10496.51,10
5180,3056,82,4,45370.89,0
5181,3057,131,2,16746.52,5
5182,3058,129,5,23302.35,15
5183,3059,33,1,11604.34,15
5184,3059,74,3,42875.61,20
5185,3060,108,2,40161.23,0
5186,3061,59,1,20215.24,25
5187,3062,72,2,16422.52,0
5188,3063,87,1,25872.72,0
5189,3064,145,1,24543.1,5
5190,3064,17,1,29760.86,0
5191,3064,89,2,32857.23,10
5192,3065,149,2,25921.73,20
5193,3065,55,1,1978.03,20
5194,3066,6,1,21974.94,10
5195,3066,84,1,27232.42,10
5196,3066,84,1,33741.89,25
5197,3066,72,3,14172.7,10
5198,3067,109,3,21903.36,20
5199,3067,112,2,2512.5,20
5200,3068,29,5,39992.92,0
5201,3069,17,3,30437.49,0
5202,3070,18,1,3041.72,5
5203,3071,63,1,18416.46,20
5204,3071,82,1,41310.64,15
5205,3071,75,1,22519.45,10
5206,3072,79,2,26595.84,0
5207,3073,90,1,35599.66,0
5208,3074,131,3,16801.24,25
5209,3074,131,1,15992.04,5
5210,3074,99,2,34411.95,10
5211,3075,107,1,25080.85,20
5212,3075,40,1,34367.9,20
5213,3076,68,2,43484.34,10
5214,3077,20,3,12043.8,5
5215,3078,15,3,22932.5,15
5216,3078,93,2,31300.07,0
5217,3078,133,1,34814.08,10
5218,3079,39,1,5325.91,0
5219,3079,40,3,35084.89,15
5220,3079,135,1,2339.22,25
5221,3080,96,2,31251.24,25
5222,3081,100,1,646.74,5
5223,3082,33,1,13299.91,10
5224,3082,118,1,15671.53,0
5225,3082,37,4,15891.05,0
5226,3083,32,3,24489.59,5
5227,3083,43,3,5888.69,15
5228,3084,36,1,4222.32,0
5229,3084,98,1,26347.93,5
5230,3085,49,5,34956.02,10
5231,3086,25,1,22600.13,0
5232,3086,108,1,30521.55,0
5233,3086,96,1,29664.22,10
5234,3087,66,1,16870.02,10
5235,3088,9,1,5549.3,10
5236,3089,102,3,30180.77,5
5237,3089,146,4,24629.65,0
5238,3090,22,1,33093.95,0
5239,3091,99,1,40704.51,0
5240,3091,15,2,23424.83,0
5241,3091,7,1,32845.57,15
5242,3092,141,5,1848.29,0
5243,3093,106,1,33306.76,0
5244,3093,16,1,7875.96,0
5245,3093,21,2,4353.45,5
5246,3094,28,2,15328.55,0
5247,3095,74,1,43286.33,0
5248,3095,83,1,8140.49,0
5249,3096,17,1,27777.62,20
5250,3097,65,1,3379.82,20
5251,3097,141,1,1614.14,15
5252,3098,36,3,4080.02,0
5253,3098,58,1,33414.34,0
5254,3099,20,1,9017.03,10
5255,3100,104,2,33757.13,0
5256,3101,6,1,28428.18,10
5257,3102,23,3,24771.74,10
5258,3102,5,2,5574.37,5
5259,3102,46,1,29222.36,5
5260,3103,17,3,30324.85,0
5261,3104,75,1,21048.97,15
5262,3105,27,2,18737.71,15
5263,3106,23,3,20886.38,10
5264,3106,87,3,23602.37,5
5265,3106,113,1,34777.63,15
5266,3107,121,1,37161.0,25
5267,3108,149,1,29799.99,10
5268,3109,150,2,23477.52,5
5269,3109,65,3,3535.07,15
5270,3110,28,1,17023.44,10
5271,3110,82,1,34075.34,20
5272,3111,7,2,38255.72,10
5273,3112,102,1,34913.28,15
5274,3112,14,1,10111.01,10
5275,3112,58,1,37343.67,0
5276,3112,44,1,12167.53,5
5277,3113,14,4,12042.63,0
5278,3113,44,4,15947.64,5
5279,3114,73,1,27009.62,10
5280,3115,2,4,7372.21,5
5281,3116,5,1,4737.08,0
5282,3116,90,3,32214.69,5
5283,3116,87,1,23985.26,0
5284,3117,140,2,12211.52,15
5285,3118,78,1,37235.87,15
5286,3119,127,1,48725.88,15
5287,3120,77,4,12809.02,0
5288,3120,99,1,36458.04,0
5289,3121,47,5,39594.28,20
5290,3121,79,1,32673.16,0
5291,3122,116,1,41619.83,10
5292,3122,147,3,13989.13,15
5293,3123,79,2,37431.12,5
5294,3124,115,1,29228.39,10
5295,3124,8,1,21828.11,0
5296,3125,23,1,23204.26,20
5297,3125,13,1,33364.2,0
5298,3126,23,1,24258.4,0
5299,3127,31,2,20788.19,5
5300,3127,130,2,42667.07,0
5301,3128,139,4,22423.97,10
5302,3129,22,2,33937.67,5
5303,3129,126,1,8477.92,0
5304,3130,147,1,16722.27,0
5305,3131,74,1,36005.52,0
5306,3131,22,1,31490.92,0
5307,3132,8,1,18280.24,0
5308,3132,47,3,31425.94,15
5309,3132,134,3,17518.83,0
5310,3132,7,2,35743.93,0
5311,3133,136,2,15394.06,0
5312,3133,88,1,22937.34,10
5313,3133,46,2,33433.54,15
5314,3133,64,2,5867.63,20
5315,3134,23,2,18047.48,5
5316,3135,61,1,3320.37,0
5317,3136,50,2,36694.22,0
5318,3137,46,2,34351.6,0
5319,3137,43,1,5040.2,15
5320,3137,138,1,7110.03,10
5321,3138,95,2,8152.8,0
5322,3138,148,1,35864.83,15
5323,3139,144,2,29658.89,20
5324,3140,3,1,17113.7,20
5325,3141,30,1,31510.21,0
5326,3141,18,1,3103.72,0
5327,3141,35,1,2781.47,0
5328,3142,147,1,12096.89,5
5329,3143,26,3,18458.21,5
5330,3144,35,2,2990.65,20
5331,3145,76,5,36201.98,0
5332,3146,72,1,14549.18,10
5333,3146,57,1,46047.36,15
5334,3147,101,1,26676.81,0
5335,3147,49,1,38133.92,0
5336,3147,10,1,3150.08,10
5337,3148,105,2,18096.37,10
5338,3148,104,1,25406.51,25
5339,3148,71,1,26521.7,15
5340,3149,98,1,19226.15,15
5341,3150,68,1,38100.67,10
5342,3150,78,2,39296.65,0
5343,3150,24,3,30570.9,15
5344,3151,43,1,5030.19,20
5345,3152,95,2,7757.57,5
5346,3153,126,1,9423.76,0
5347,3153,92,1,33064.61,5
5348,3153,83,1,7568.49,25
5349,3153,34,2,32162.26,0
5350,3154,119,1,12171.68,10
5351,3155,53,1,3604.77,15
5352,3156,53,1,3826.27,15
5353,3156,146,1,30724.11,10
5354,3156,117,2,29753.33,20
5355,3156,135,3,2290.87,0
5356,3157,75,2,20306.67,0
5357,3158,42,4,15566.39,0
5358,3158,139,2,24164.3,0
5359,3159,137,1,35730.27,5
5360,3159,35,1,2835.1,0
5361,3159,101,1,36610.3,10
5362,3160,87,1,23185.64,5
5363,3161,97,1,33714.95,10
5364,3162,84,2,28290.47,0
5365,3163,5,1,5226.68,0
5366,3164,51,2,4250.19,0
5367,3165,38,1,4450.96,0
5368,3165,3,1,13732.55,0
5369,3166,13,1,34592.44,0
5370,3167,87,2,27722.56,10
5371,3168,3,1,17243.87,0
5372,3168,55,1,1816.78,0
5373,3169,66,1,23663.54,0
5374,3169,84,1,36320.32,20
5375,3170,73,2,28072.6,0
5376,3170,112,1,2477.57,0
5377,3170,62,2,14665.27,5
5378,3171,25,1,27451.96,15
5379,3172,52,1,16322.2,5
5380,3172,50,3,36090.01,5
5381,3172,122,2,26971.1,10
5382,3173,129,2,25989.85,10
5383,3173,39,1,7001.53,0
5384,3174,52,1,21830.94,0
5385,3175,76,2,46645.57,25
5386,3176,40,1,29260.73,5
5387,3177,60,3,38541.77,5
5388,3177,110,1,24297.56,0
5389,3178,84,1,29991.85,15
5390,3179,20,1,11614.78,0
5391,3179,85,2,9697.3,0
5392,3179,2,1,8548.73,5
5393,3180,106,4,26981.14,5
5394,3180,9,1,7060.72,25
5395,3181,58,3,29700.21,0
5396,3181,43,1,5980.01,5
5397,3181,138,2,5818.02,0
5398,3182,109,1,25783.71,10
5399,3183,48,2,23475.06,5
5400,3184,126,1,8372.1,10
5401,3185,145,1,22302.98,0
5402,3186,128,1,30677.56,10
5403,3186,133,2,35004.52,5
5404,3186,107,1,26679.81,5
5405,3187,71,1,30071.45,10
5406,3188,132,1,42069.12,5
5407,3189,101,1,30731.49,15
5408,3190,83,2,6811.38,5
5409,3191,28,1,16192.85,20
5410,3191,106,1,25151.07,0
5411,3191,38,1,4052.36,0
5412,3192,66,1,18421.57,5
5413,3192,47,1,34453.38,0
5414,3193,106,1,31395.94,5
5415,3193,103,1,5272.28,0
5416,3194,25,1,23356.61,20
5417,3195,66,2,23632.03,10
5418,3195,79,1,36999.18,5
5419,3195,67,3,38970.9,15
5420,3196,40,1,30246.55,0
5421,3196,100,2,566.2,20
5422,3197,115,1,25271.86,5
5423,3198,119,1,9360.59,0
5424,3199,145,2,18688.54,15
5425,3199,62,2,14625.73,5
5426,3199,76,1,50391.73,10
5427,3200,31,1,23216.95,20
5428,3200,33,1,15213.95,20
5429,3201,43,3,6078.28,20
5430,3201,93,3,41635.54,5
5431,3202,38,1,5142.55,15
5432,3203,41,2,27364.56,0
5433,3204,118,1,13953.28,15
5434,3204,22,2,25808.21,0
5435,3205,96,1,32412.08,5
5436,3205,127,1,39192.12,20
5437,3206,61,1,4318.3,15
5438,3207,74,4,41411.61,25
5439,3207,32,3,31167.6,5
5440,3208,132,2,29154.91,0
5441,3209,45,1,18819.37,20
5442,3209,72,1,15776.49,5
5443,3210,20,1,11212.97,20
5444,3210,65,3,3016.45,15
5445,3210,89,4,34945.63,20
5446,3211,23,1,23320.18,10
5447,3211,40,2,33527.25,15
5448,3211,130,2,46737.46,0
5449,3212,78,1,46813.19,25
5450,3213,44,1,12040.31,0
5451,3214,113,1,38584.56,0
5452,3214,83,2,6282.78,10
5453,3215,117,3,34726.26,10
5454,3215,5,3,4947.98,10
5455,3216,121,2,44711.98,0
5456,3217,70,1,5593.66,15
5457,3217,35,2,3109.45,15
5458,3217,16,3,7139.16,10
5459,3218,14,2,12582.78,5
5460,3219,25,1,24625.23,10
5461,3220,79,3,36535.11,20
5462,3221,101,3,33133.04,20
5463,3222,105,3,16801.71,0
5464,3223,146,3,31568.97,0
5465,3223,20,1,9519.61,0
5466,3223,56,3,16881.28,5
5467,3224,130,1,43057.51,5
5468,3225,23,1,18717.34,10
5469,3226,32,2,27538.26,10
5470,3226,141,1,1961.92,5
5471,3226,13,1,35977.95,0
5472,3227,145,4,20898.94,5
5473,3227,27,1,18311.27,0
5474,3228,145,4,22337.42,15
5475,3228,14,1,13088.24,5
5476,3229,142,1,44237.79,10
5477,3230,140,1,11734.51,0
5478,3230,69,2,42498.78,10
5479,3230,68,1,45652.54,10
5480,3231,55,5,1593.69,0
5481,3232,29,2,41813.18,10
5482,3233,89,2,33677.03,0
5483,3234,45,1,17300.7,5
5484,3235,132,1,38460.77,10
5485,3236,144,4,36047.39,10
5486,3236,66,1,20013.31,15
5487,3237,23,1,24954.81,0
5488,3238,68,1,44974.24,0
5489,3238,148,4,35062.86,0
5490,3239,145,1,18695.58,0
5491,3240,6,1,25081.45,5
5492,3241,82,2,39064.36,10
5493,3242,123,4,29734.08,15
5494,3242,105,1,17638.57,15
5495,3242,34,1,22668.91,10
5496,3243,54,1,3036.51,5
5497,3243,82,1,39669.71,0
5498,3243,94,1,9237.16,5
5499,3244,65,1,3456.6,0
5500,3244,87,1,23193.52,10
5501,3244,29,1,30178.11,15
5502,3244,41,1,24229.5,5
5503,3245,105,4,15270.74,0
5504,3245,63,1,18245.39,20
5505,3246,66,1,18017.87,0
5506,3246,112,1,2426.53,20
5507,3247,100,1,727.99,15
5508,3247,145,2,24712.02,5
5509,3248,66,2,24518.04,0
5510,3248,68,1,49222.28,20
5511,3249,34,3,29254.54,10
5512,3250,1,2,4003.48,0
5513,3251,134,1,22834.13,10
5514,3252,16,1,7615.24,10
5515,3253,2,2,8919.17,0
5516,3254,116,4,41103.26,0
5517,3255,76,1,41060.21,0
5518,3256,27,1,17166.35,0
5519,3257,19,3,2836.31,0
5520,3257,28,1,17542.64,0
5521,3257,35,2,3385.96,0
5522,3257,115,1,29290.57,0
5523,3258,68,1,39688.58,20
5524,3259,49,1,45431.73,10
5525,3260,7,2,34446.4,5
5526,3260,37,1,17444.55,10
5527,3260,115,2,32271.2,0
5528,3261,115,1,26110.35,20
5529,3262,41,1,25312.05,10
5530,3263,81,1,7139.01,5
5531,3264,62,2,11146.63,20
5532,3265,142,2,39954.92,15
5533,3266,2,1,7224.06,0
5534,3267,88,1,21519.19,20
5535,3268,48,3,24111.16,20
5536,3268,55,1,1905.33,25
5537,3269,12,1,21901.74,0
5538,3269,1,1,3433.83,25
5539,3270,103,5,4990.7,10
5540,3270,34,3,26298.64,10
5541,3271,112,1,2425.25,0
5542,3272,46,1,36393.28,0
5543,3273,147,3,17621.88,0
5544,3273,99,1,41556.79,5
5545,3273,57,1,43258.27,0
5546,3274,51,1,3871.41,0
5547,3275,22,1,30940.64,25
5548,3275,68,2,35262.47,15
5549,3275,136,1,20321.68,5
5550,3276,60,1,34033.67,15
5551,3277,65,1,3571.38,10
5552,3277,36,2,5715.29,0
5553,3277,29,2,34281.13,10
5554,3278,56,1,16446.35,10
5555,3279,82,3,41481.49,0
5556,3280,132,1,31815.1,0
5557,3280,44,2,15878.05,5
5558,3281,31,1,20153.33,10
5559,3281,81,1,6762.89,0
5560,3282,74,1,43726.78,15
5561,3283,124,1,15736.39,0
5562,3283,16,3,5761.2,10
5563,3283,68,2,42914.72,20
5564,3283,119,2,10924.46,20
5565,3284,69,1,40416.5,15
5566,3285,42,4,17925.88,0
5567,3286,110,1,23449.71,15
5568,3286,41,2,26090.71,10
5569,3287,50,2,35945.56,15
5570,3287,6,1,30757.97,20
5571,3288,75,2,17608.81,0
5572,3288,17,1,30822.28,10
5573,3288,105,1,19744.47,0
5574,3288,67,2,40567.98,0
5575,3289,144,1,37421.94,5
5576,3290,100,1,571.22,5
5577,3291,90,1,38412.53,10
5578,3291,81,1,7461.73,15
5579,3292,115,1,33318.18,10
5580,3293,20,2,8603.56,25
5581,3294,80,1,31817.48,15
5582,3295,56,3,16630.95,25
5583,3296,53,2,3315.66,15
5584,3297,49,1,41136.66,5
5585,3298,4,3,30880.25,5
5586,3298,18,1,2899.99,15
5587,3299,36,1,4769.01,10
5588,3299,117,1,40468.79,10
5589,3300,35,1,2548.05,10
5590,3301,30,5,29890.38,20
5591,3302,118,1,16034.45,0
5592,3303,63,3,13673.22,10
5593,3304,82,2,33831.14,10
5594,3304,149,1,27322.77,0
5595,3305,69,4,46103.03,25
5596,3305,125,4,36685.39,15
5597,3305,54,3,3236.88,0
5598,3305,87,1,20063.4,5
5599,3306,56,1,14625.73,10
5600,3306,79,1,30802.37,0
5601,3307,142,2,34424.86,5
5602,3307,149,1,23869.83,0
5603,3308,120,2,27381.09,20
5604,3309,25,2,27592.92,15
5605,3310,109,1,23201.05,0
5606,3310,95,1,9850.08,20
5607,3310,53,4,4227.39,20
5608,3311,48,1,27223.03,10
5609,3311,70,1,4780.68,0
5610,3311,132,1,41845.25,15
5611,3311,83,1,7694.63,0
5612,3312,133,1,31001.1,5
5613,3313,82,1,41795.68,0
5614,3314,104,1,29794.18,5
5615,3314,75,1,22427.2,5
5616,3315,89,1,29218.68,10
5617,3316,64,1,5346.92,0
5618,3316,35,3,3232.0,10
5619,3317,12,2,24624.09,15
5620,3317,90,1,31440.42,0
5621,3318,55,3,1437.13,15
5622,3319,112,1,2274.71,0
5623,3319,69,1,38300.07,10
5624,3319,91,3,6443.51,5
5625,3319,38,1,4642.21,10
5626,3320,29,3,31246.66,0
5627,3320,12,2,25447.26,0
5628,3320,147,1,16501.71,0
5629,3320,137,1,28023.32,20
5630,3321,82,1,42420.0,10
5631,3321,3,1,17595.53,25
5632,3321,87,3,20518.61,20
5633,3322,88,1,25287.31,20
5634,3323,53,1,3976.86,10
5635,3324,101,1,33625.27,0
5636,3324,4,1,22726.15,20
5637,3325,57,1,45483.54,0
5638,3326,28,1,15723.89,5
5639,3327,16,2,7250.58,20
5640,3328,13,1,44825.7,5
5641,3328,53,1,3855.57,0
5642,3329,48,1,24825.83,5
5643,3330,25,1,23051.06,25
5644,3331,66,1,17863.28,25
5645,3332,104,1,35308.08,10
5646,3332,3,1,12765.62,20
5647,3333,94,1,8087.14,0
5648,3333,11,1,5581.78,0
5649,3334,21,2,6135.45,5
5650,3335,127,1,41523.64,0
5651,3335,91,2,8407.57,5
5652,3335,95,1,9706.29,0
5653,3335,94,3,9610.19,5
5654,3336,129,1,18804.25,0
5655,3337,112,1,2225.43,0
5656,3337,34,2,23185.29,20
5657,3338,80,2,35523.34,0
5658,3338,83,4,7833.01,0
5659,3339,29,1,30890.67,0
5660,3339,131,2,15850.48,15
5661,3340,11,1,6226.99,10
5662,3341,136,2,16839.29,10
5663,3341,62,5,12678.88,0
5664,3341,103,1,4562.5,5
5665,3342,33,2,14948.4,0
5666,3342,136,1,19095.47,0
5667,3342,88,1,23080.05,10
5668,3343,17,1,30527.01,20
5669,3343,91,1,6452.72,0
5670,3344,43,1,6560.85,15
5671,3345,73,1,28503.32,0
5672,3346,5,1,6030.9,0
5673,3346,56,1,17526.59,0
5674,3347,57,2,35002.49,20
5675,3348,72,1,18435.06,0
5676,3348,79,1,35698.41,10
5677,3349,36,1,5052.02,0
5678,3350,134,3,24111.07,5
5679,3350,115,1,25983.63,5
5680,3351,71,5,27522.61,0
5681,3352,92,1,40950.97,15
5682,3353,135,1,2162.7,15
5683,3354,105,1,13712.15,0
5684,3355,65,1,3445.98,10
5685,3356,24,1,21362.52,5
5686,3356,45,1,21534.89,15
5687,3357,147,1,12371.48,10
5688,3357,117,1,37393.76,0
5689,3358,30,2,31375.79,15
5690,3358,65,3,2797.8,0
5691,3359,148,1,38125.25,0
5692,3359,85,1,10179.2,15
5693,3360,83,1,6779.44,0
5694,3361,114,1,12755.76,0
5695,3362,96,2,34255.78,0
5696,3363,87,2,26302.47,15
5697,3363,67,1,37036.29,0
5698,3364,31,1,21806.13,0
5699,3365,66,1,18398.22,0
5700,3366,54,2,3726.58,5
5701,3366,10,1,3413.56,10
5702,3367,83,4,7272.52,5
5703,3367,29,5,35572.5,15
5704,3367,32,2,29958.92,10
5705,3368,17,1,37659.39,5
5706,3368,115,1,32579.99,5
5707,3369,45,1,21416.52,10
5708,3369,49,5,38396.32,10
5709,3370,87,1,24398.42,20
5710,3370,146,2,30210.08,20
5711,3371,75,4,19111.73,10
5712,3372,123,2,26685.05,25
5713,3372,124,2,18471.46,10
5714,3373,52,1,22124.37,0
5715,3373,148,1,26870.42,5
5716,3373,141,1,1562.35,0
5717,3374,88,4,19599.31,0
5718,3375,84,3,29013.34,5
5719,3376,106,1,27292.67,0
5720,3377,92,1,35951.35,0
5721,3378,99,2,41292.22,5
5722,3378,21,1,5661.28,0
5723,3378,6,1,23412.04,0
5724,3379,53,1,4356.86,15
5725,3380,87,4,24464.88,5
5726,3381,86,4,32071.97,15
5727,3381,137,1,31025.84,20
5728,3381,96,2,34909.56,15
5729,3382,113,1,37632.36,5
5730,3383,71,2,26431.89,10
5731,3384,43,1,5071.43,0
5732,3384,34,1,30140.22,10
5733,3384,46,1,33308.52,5
5734,3385,32,1,32238.71,10
5735,3386,144,3,35145.99,15
5736,3386,1,5,3323.0,10
5737,3387,20,2,9234.4,10
5738,3388,72,2,13898.29,0
5739,3389,11,1,5369.28,10
5740,3390,107,1,23059.93,5
5741,3391,43,2,6142.76,5
5742,3391,10,1,3232.25,5
5743,3391,8,1,22309.13,0
5744,3391,19,2,2817.82,0
5745,3392,55,1,1936.6,10
5746,3392,3,1,17319.5,10
5747,3392,53,1,3422.9,0
5748,3392,44,1,14091.74,0
5749,3393,96,2,26286.26,10
5750,3393,48,2,23312.78,15
5751,3393,54,1,3475.34,0
5752,3394,144,4,33079.88,5
5753,3395,92,2,38206.73,20
5754,3395,144,1,32298.24,0
5755,3395,51,2,4032.63,0
5756,3395,18,1,3073.79,20
5757,3396,126,2,7421.8,0
5758,3396,6,2,22884.45,10
5759,3397,134,1,18970.65,5
5760,3398,78,2,46814.34,0
5761,3398,82,3,38800.37,0
5762,3399,80,1,36052.97,5
5763,3400,88,1,24110.64,15
5764,3401,13,1,42155.32,0
5765,3401,65,1,3575.92,10
5766,3401,64,1,5348.91,10
5767,3402,14,1,14220.4,5
5768,3402,145,1,23353.58,10
5769,3403,121,1,41054.91,0
5770,3404,77,2,13066.9,5
5771,3405,13,5,46685.29,10
5772,3405,73,3,28156.88,5
5773,3405,134,1,21730.32,5
5774,3406,6,2,28594.49,15
5775,3406,121,4,43681.81,10
5776,3407,94,3,7350.4,10
5777,3408,57,3,38609.69,20
5778,3409,53,2,3905.93,25
5779,3410,46,1,29289.83,10
5780,3410,78,1,38351.12,0
5781,3410,132,1,39583.38,15
5782,3410,34,1,23485.09,0
5783,3411,42,5,14063.62,5
5784,3412,78,1,44398.66,5
5785,3413,64,4,5620.45,25
5786,3414,145,2,18337.63,25
5787,3414,118,1,18002.78,15
5788,3414,30,1,34947.32,5
5789,3415,93,1,35293.18,10
5790,3415,7,2,36586.46,0
5791,3416,23,2,18976.31,15
5792,3416,36,4,5513.18,15
5793,3417,142,1,38897.17,15
5794,3418,148,1,33772.93,0
5795,3419,116,1,48197.13,5
5796,3419,81,1,6310.61,10
5797,3419,25,2,22280.28,0
5798,3420,115,1,25902.46,5
5799,3420,94,1,6928.57,0
5800,3420,49,1,40625.94,25
5801,3421,27,1,18333.13,15
5802,3421,95,2,7900.05,10
5803,3421,14,1,10400.68,0
5804,3422,122,1,23779.05,0
5805,3422,48,2,32096.77,0
5806,3422,128,1,32240.41,10
5807,3423,85,2,9602.22,15
5808,3423,92,4,32362.29,0
5809,3424,15,2,25882.08,0
5810,3424,51,1,3963.21,0
5811,3425,54,2,3910.58,10
5812,3425,139,2,22291.39,20
5813,3425,108,1,35589.54,15
5814,3426,75,2,22035.77,5
5815,3426,28,1,15883.26,0
5816,3427,128,2,27191.12,15
5817,3428,70,1,5064.49,0
5818,3429,96,4,31996.08,0
5819,3429,140,1,10210.12,0
5820,3429,103,1,4612.24,5
5821,3429,87,1,23824.88,0
5822,3430,105,1,19600.91,15
5823,3431,109,1,29268.39,0
5824,3431,81,1,6295.62,15
5825,3431,45,1,15974.73,20
5826,3432,112,1,2538.71,5
5827,3433,60,1,40321.89,0
5828,3434,71,1,30176.13,10
5829,3435,13,1,45620.18,15
5830,3436,78,1,41995.65,0
5831,3437,125,1,28027.05,15
5832,3438,98,1,19864.48,10
5833,3438,91,1,5823.41,25
5834,3438,89,1,30793.16,15
5835,3439,99,1,29508.39,0
5836,3440,73,1,28713.1,5
5837,3441,70,1,6126.82,0
5838,3442,39,1,5525.98,0
5839,3442,27,1,20168.22,10
5840,3443,40,3,31845.43,20
5841,3443,123,2,31531.84,25
5842,3444,31,5,23895.16,0
5843,3444,131,1,16327.66,0
5844,3445,15,1,25344.07,10
5845,3446,70,4,4863.94,0
5846,3447,11,1,6596.1,0
5847,3447,30,1,32989.53,15
5848,3448,35,1,3452.58,15
5849,3448,112,1,2182.81,20
5850,3449,43,1,6304.54,5
5851,3450,93,2,44827.58,10
5852,3451,119,5,10900.28,15
5853,3452,3,1,12449.7,0
5854,3453,90,2,38804.57,15
5855,3453,78,1,34444.98,0
5856,3454,83,1,5915.23,15
5857,3455,85,2,8703.59,15
5858,3456,124,1,16056.24,0
5859,3457,149,1,31619.65,10
5860,3457,77,1,13026.78,0
5861,3457,105,1,18384.43,10
5862,3457,53,1,3107.14,10
5863,3458,44,3,11077.56,10
5864,3458,46,2,29444.61,25
5865,3458,37,1,17424.59,0
5866,3459,38,1,4172.51,5
5867,3459,109,4,26284.02,20
5868,3459,109,2,29966.14,10
5869,3460,88,2,20610.39,20
5870,3461,11,1,4940.52,5
5871,3461,93,1,33267.03,15
5872,3462,64,2,6202.75,20
5873,3463,126,2,9526.62,15
5874,3464,112,1,2735.35,20
5875,3465,105,4,14420.98,0
5876,3465,62,1,10980.27,5
5877,3466,61,1,3170.07,0
5878,3467,90,1,42696.78,0
5879,3467,12,1,20948.11,5
5880,3467,137,1,34586.71,25
5881,3468,74,1,39948.62,10
5882,3469,107,5,27023.96,20
5883,3470,130,1,35498.02,20
5884,3471,136,1,19776.88,0
5885,3472,116,1,34579.45,0
5886,3473,43,1,6996.64,0
5887,3474,146,1,21719.68,10
5888,3475,39,1,5450.99,0
5889,3476,31,1,19288.14,15
5890,3477,142,3,43723.85,0
5891,3478,64,1,4873.15,0
5892,3479,103,2,5458.83,5
5893,3480,97,1,23990.35,10
5894,3481,44,1,11414.6,20
5895,3481,97,1,30701.96,25
5896,3481,2,1,6698.9,20
5897,3482,36,1,5247.52,0
5898,3483,55,1,1917.01,10
5899,3484,114,5,15796.55,5
5900,3484,87,2,19988.29,0
5901,3484,69,1,38683.85,10
5902,3485,111,1,11494.67,5
5903,3485,80,1,39812.81,0
5904,3485,40,1,26909.65,0
5905,3486,24,2,26408.34,25
5906,3486,117,3,41068.37,10
5907,3486,104,1,30212.18,0
5908,3486,62,1,14445.34,20
5909,3487,7,1,38360.8,20
5910,3487,38,2,3720.24,15
5911,3488,119,1,8853.62,10
5912,3489,86,4,29679.82,5
5913,3490,86,2,31743.63,5
5914,3490,91,4,8127.53,5
5915,3491,121,1,45153.9,20
5916,3491,97,2,32190.96,15
5917,3491,103,2,5777.75,0
5918,3491,1,2,3495.66,10
5919,3492,45,1,16770.21,10
5920,3492,64,5,6260.37,15
5921,3493,135,3,2347.19,0
5922,3493,70,1,5621.16,10
5923,3493,75,1,25394.9,0
5924,3494,73,1,25108.33,0
5925,3495,150,3,27327.15,15
5926,3496,73,2,29962.05,0
5927,3496,55,1,1548.63,15
5928,3496,46,1,30354.61,0
5929,3497,97,1,34884.34,25
5930,3497,137,1,31838.37,15
5931,3498,15,1,21464.17,0
5932,3498,147,2,14922.26,15
5933,3498,144,2,34783.22,0
5934,3498,25,1,29602.63,10
5935,3499,99,2,42087.42,0
5936,3499,77,1,15888.87,0
5937,3500,7,1,44949.52,25
5938,3501,34,2,22109.31,0
5939,3502,58,1,36298.21,10
5940,3502,78,1,35142.99,0
5941,3502,23,1,19243.75,10
5942,3503,145,2,23381.94,0
5943,3503,141,2,1701.09,0
5944,3504,122,1,31975.28,0
5945,3505,27,1,14353.73,0
5946,3506,66,3,22954.52,20
5947,3507,101,1,27931.6,20
5948,3508,132,1,31529.27,20
5949,3508,94,1,8389.83,0
5950,3509,67,4,32810.33,0
5951,3510,142,2,38555.55,10
5952,3511,11,1,6975.97,25
5953,3511,40,2,33496.42,10
5954,3512,131,1,16993.31,0
5955,3513,1,1,3194.23,15
5956,3513,9,2,6241.21,0
5957,3513,112,1,2413.92,20
5958,3514,73,2,27313.58,25
5959,3515,124,1,16055.55,25
5960,3515,76,1,46807.97,0
5961,3515,129,2,18802.43,10
5962,3515,144,1,34027.97,10
5963,3516,94,1,8867.36,0
5964,3517,72,1,14373.21,10
5965,3518,46,2,40508.76,10
5966,3518,138,1,6237.24,0
5967,3518,102,1,34203.72,0
5968,3519,41,1,26311.53,0
5969,3519,22,1,34343.94,25
5970,3520,144,2,35741.0,15
5971,3521,83,1,6894.87,15
5972,3521,75,3,19163.44,0
5973,3521,14,2,10036.96,10
5974,3521,148,1,28777.53,0
5975,3522,133,3,40888.11,10
5976,3523,11,2,5748.63,10
5977,3523,47,4,44506.66,20
5978,3523,10,1,2717.66,0
5979,3523,61,1,3620.6,0
5980,3524,111,1,11545.51,20
5981,3525,45,1,15856.56,20
5982,3526,47,3,39970.49,5
5983,3527,118,2,18704.11,0
5984,3528,141,2,2062.3,5
5985,3529,23,3,24805.01,5
5986,3530,36,5,5552.14,15
5987,3531,76,1,44919.45,10
5988,3532,109,2,22510.79,0
5989,3533,84,1,33862.65,10
5990,3533,80,1,42681.64,0
5991,3533,14,4,12148.71,0
5992,3534,66,3,18658.25,5
5993,3534,16,2,6869.75,0
5994,3535,43,1,6309.62,15
5995,3535,102,2,28736.36,5
5996,3536,113,1,37369.83,10
5997,3536,9,1,6657.27,10
5998,3536,149,1,29682.5,25
5999,3536,82,1,37084.95,20
6000,3537,110,1,23872.09,15
6001,3537,98,2,24921.92,5
6002,3538,84,1,32129.12,0
6003,3538,43,2,5509.79,10
6004,3538,66,1,18937.5,5
6005,3538,132,1,33902.39,0
6006,3539,123,1,27167.85,0
6007,3540,109,2,29858.09,5
6008,3541,102,2,35676.57,10
6009,3542,135,1,2650.68,10
6010,3543,86,1,36052.55,15
6011,3543,84,2,31407.73,5
6012,3543,4,1,24342.47,0
6013,3544,124,1,19155.35,10
6014,3544,20,1,10073.19,25
6015,3545,35,1,3239.5,0
6016,3546,97,1,28439.19,5
6017,3546,14,1,10210.85,0
6018,3547,150,1,21007.45,0
6019,3548,48,2,30603.02,5
6020,3549,29,1,32114.74,10
6021,3549,36,3,4437.54,5
6022,3550,42,1,19706.17,0
6023,3550,29,1,37568.77,10
6024,3550,135,1,1986.41,0
6025,3551,141,2,1515.56,0
6026,3551,141,2,1602.9,0
6027,3551,142,2,40168.69,20
6028,3552,134,3,22782.98,0
6029,3552,144,2,30357.96,0
6030,3553,41,3,30101.74,5
6031,3554,112,1,2088.79,10
6032,3555,85,1,8246.64,15
6033,3556,108,1,40169.01,10
6034,3556,144,2,28564.37,15
6035,3557,5,1,6727.29,0
6036,3558,10,2,3358.61,20
6037,3559,35,1,2474.2,5
6038,3559,31,1,20558.22,0
6039,3559,120,1,25847.99,10
6040,3560,79,1,37722.81,10
6041,3560,139,1,19675.47,0
6042,3560,9,1,6307.62,25
6043,3561,44,1,11591.38,10
6044,3561,116,2,44238.19,5
6045,3562,144,1,29541.71,5
6046,3563,120,1,21475.96,0
6047,3564,53,1,4553.22,25
6048,3565,65,3,2878.63,10
6049,3565,70,1,4877.98,10
6050,3566,46,5,38751.7,10
6051,3567,121,1,47978.73,15
6052,3567,121,4,35498.81,10
6053,3567,33,1,11845.91,0
6054,3568,81,1,6533.3,10
6055,3568,55,2,1424.86,10
6056,3568,98,5,25252.52,25
6057,3568,110,2,28474.46,15
6058,3569,150,1,25551.9,0
6059,3570,125,1,31759.31,0
6060,3571,91,1,7920.28,5
6061,3571,38,1,4464.82,10
6062,3572,137,1,38073.08,0
6063,3572,37,1,19433.01,10
6064,3572,5,1,6507.22,15
6065,3573,82,3,38653.39,0
6066,3573,150,1,23440.14,10
6067,3573,110,1,31244.92,0
6068,3574,140,1,10387.09,0
6069,3575,60,1,36432.09,0
6070,3576,150,1,26141.39,10
6071,3576,6,1,28520.11,25
6072,3577,27,4,18047.95,15
6073,3577,55,1,1692.19,0
6074,3578,143,1,14525.91,0
6075,3579,64,1,6226.77,10
6076,3580,17,1,31744.59,0
6077,3580,3,1,16659.11,15
6078,3581,10,1,2550.73,0
6079,3582,63,1,14758.5,0
6080,3582,89,2,27757.21,0
6081,3582,85,2,9911.29,15
6082,3583,104,1,28771.28,0
6083,3584,137,2,26973.91,0
6084,3584,32,1,25506.83,10
6085,3585,3,1,13547.23,5
6086,3585,109,1,22078.6,25
6087,3586,140,1,10840.95,0
6088,3587,93,1,41621.69,0
6089,3587,103,2,5331.24,10
6090,3588,97,2,28395.09,0
6091,3588,148,3,38997.0,5
6092,3589,68,1,41036.11,0
6093,3589,145,1,24411.76,20
6094,3589,147,1,13770.19,0
6095,3590,132,3,34644.66,15
6096,3591,93,2,36197.9,20
6097,3591,17,3,34018.86,20
6098,3592,22,1,30620.0,5
6099,3592,11,1,5383.5,25
6100,3593,29,1,39427.0,10
6101,3594,20,3,10373.65,0
6102,3594,5,2,4737.64,20
6103,3594,34,1,27932.98,5
6104,3595,140,1,13648.87,0
6105,3596,28,2,14329.67,15
6106,3597,98,1,19545.42,10
6107,3598,6,3,29089.83,20
6108,3599,19,1,3162.61,15
6109,3599,12,1,19733.55,0
6110,3599,25,2,31274.8,0
6111,3600,13,2,37871.64,15
6112,3600,76,1,49656.17,10
6113,3601,3,4,15793.54,0
6114,3602,24,5,30356.68,0
6115,3602,8,1,23972.99,0
6116,3603,112,1,2011.71,10
6117,3604,120,1,21356.22,0
6118,3604,123,1,27545.36,0
6119,3605,90,4,32159.73,10
6120,3606,45,1,18544.58,0
6121,3607,1,1,4297.23,0
6122,3608,3,3,13752.4,20
6123,3608,65,1,3146.05,10
6124,3609,15,2,25381.83,0
6125,3610,50,1,39951.5,20
6126,3611,148,4,29140.83,0
6127,3612,131,2,16776.58,10
6128,3613,143,3,18219.54,5
6129,3613,124,4,19770.42,15
6130,3613,37,1,21722.39,5
6131,3614,149,1,31423.64,0
6132,3615,106,2,29336.15,10
6133,3615,103,2,6006.15,15
6134,3615,121,1,40821.64,10
6135,3616,99,3,30403.46,10
6136,3617,146,1,25479.85,5
6137,3617,17,3,29020.95,15
6138,3618,48,1,26167.07,10
6139,3619,26,1,16903.97,0
6140,3619,22,1,30790.7,20
6141,3619,125,1,29996.46,15
6142,3619,64,1,5803.74,25
6143,3620,82,1,40274.65,10
6144,3621,68,1,48681.68,10
6145,3621,145,2,17645.74,20
6146,3622,139,1,21763.67,0
6147,3622,5,1,6240.16,20
6148,3622,121,3,50102.82,0
6149,3622,57,2,39448.11,0
6150,3623,74,1,36719.6,0
6151,3623,85,2,8120.32,10
6152,3623,120,5,23335.47,0
6153,3624,14,4,12037.09,0
6154,3625,72,3,18319.6,10
6155,3625,129,2,20398.32,5
6156,3625,144,1,28859.52,15
6157,3625,26,2,16724.93,0
6158,3626,49,2,32391.16,0
6159,3626,103,1,6427.47,0
6160,3627,66,1,23513.43,10
6161,3628,53,1,3538.09,5
6162,3629,9,2,5811.06,0
6163,3630,69,1,45518.32,5
6164,3631,40,1,25505.72,15
6165,3631,133,3,35688.83,0
6166,3632,56,1,19382.1,5
6167,3632,111,4,9835.45,0
6168,3633,5,1,4728.44,0
6169,3634,69,1,35088.98,0
6170,3634,52,1,22178.07,5
6171,3634,73,1,21385.89,5
6172,3635,98,1,22822.38,20
6173,3636,150,3,26729.76,20
6174,3636,15,2,30035.68,10
6175,3636,65,3,3132.26,0
6176,3636,71,2,23022.25,15
6177,3637,111,1,10180.32,15
6178,3637,6,1,23635.39,15
6179,3637,140,2,11084.44,0
6180,3637,77,2,15320.29,15
6181,3638,115,1,25818.36,20
6182,3638,113,4,27879.18,10
6183,3638,77,2,12831.71,15
6184,3639,130,3,40086.58,15
6185,3639,95,2,9596.54,5
6186,3640,61,1,4132.49,15
6187,3641,139,2,21574.2,15
6188,3642,101,1,34071.18,20
6189,3643,34,2,28707.87,20
6190,3644,95,1,8108.48,5
6191,3644,103,1,5268.04,0
6192,3645,8,1,22561.34,0
6193,3646,136,1,15644.17,20
6194,3646,98,1,21909.24,0
6195,3646,143,2,15425.47,5
6196,3646,5,1,5926.37,5
6197,3647,147,1,14850.03,0
6198,3647,137,1,35535.23,10
6199,3647,101,2,32151.82,15
6200,3648,147,1,17256.37,0
6201,3649,46,1,34319.2,15
6202,3650,104,1,31230.81,10
6203,3651,80,3,29120.85,5
6204,3651,118,1,14921.79,0
6205,3651,5,1,6678.65,20
6206,3652,55,1,1615.88,5
6207,3652,19,2,2417.03,5
6208,3653,145,1,21305.29,10
6209,3654,88,3,18286.82,20
6210,3655,117,1,35742.46,5
6211,3656,150,1,22219.41,10
6212,3656,39,1,6298.64,5
6213,3656,125,2,35253.74,0
6214,3656,27,1,18522.09,0
6215,3657,76,1,41544.84,0
6216,3658,127,3,43137.36,0
6217,3659,122,1,30383.25,10
6218,3659,146,1,29094.3,0
6219,3659,87,1,20451.2,20
6220,3660,150,3,22193.92,25
6221,3660,68,2,39443.82,5
6222,3660,11,2,5244.06,5
6223,3661,82,1,32538.85,0
6224,3661,64,1,4700.43,10
6225,3661,119,1,11465.26,10
6226,3662,85,1,9460.47,0
6227,3663,57,1,38969.21,0
6228,3663,37,3,20358.41,10
6229,3664,121,1,46630.46,10
6230,3664,30,2,31086.5,10
6231,3665,145,1,20678.84,20
6232,3666,144,2,27659.15,15
6233,3666,143,1,16603.21,0
6234,3667,141,1,1659.9,15
6235,3668,3,2,14552.33,5
6236,3669,24,4,25594.73,15
6237,3669,59,4,18651.08,20
6238,3669,55,1,1775.1,0
6239,3670,65,1,3064.58,0
6240,3671,60,2,28915.25,5
6241,3671,66,1,21516.68,0
6242,3671,146,2,30466.55,10
6243,3672,59,1,19590.32,15
6244,3673,53,1,4530.66,0
6245,3674,64,2,4628.02,5
6246,3674,121,1,38108.81,10
6247,3675,119,2,10401.54,0
6248,3675,30,1,29579.47,10
6249,3676,18,2,2204.96,5
6250,3677,5,1,5630.2,10
6251,3677,69,1,36133.75,10
6252,3677,136,4,17081.94,10
6253,3678,137,1,38508.57,0
6254,3679,120,3,23069.7,15
6255,3679,142,2,33218.39,10
6256,3679,141,3,1503.17,10
6257,3680,18,1,3005.6,0
6258,3681,68,1,45372.35,0
6259,3681,114,2,11925.09,15
6260,3681,22,2,26447.98,5
6261,3682,20,2,11379.24,10
6262,3683,143,1,14611.36,10
6263,3683,7,3,45563.56,10
6264,3683,98,1,24160.96,0
6265,3684,105,2,14862.64,0
6266,3684,30,1,37498.47,0
6267,3685,5,1,5443.19,5
6268,3686,129,1,20437.14,20
6269,3686,20,2,9695.75,5
6270,3686,83,2,7972.18,15
6271,3687,64,4,4698.87,0
6272,3688,118,1,15364.89,20
6273,3689,29,1,29001.25,5
6274,3689,102,1,36464.75,5
6275,3690,138,1,5604.11,10
6276,3691,31,1,18677.49,5
6277,3692,75,1,21971.0,0
6278,3693,30,1,35543.07,0
6279,3693,80,1,40380.35,0
6280,3693,58,1,31584.1,15
6281,3694,57,3,46508.81,20
6282,3695,87,2,22962.95,0
6283,3696,123,3,23075.59,10
6284,3696,97,2,33413.3,0
6285,3697,115,1,30341.9,0
6286,3697,37,2,20314.1,5
6287,3697,58,2,39221.52,15
6288,3698,28,1,16218.88,0
6289,3698,37,3,15812.25,15
6290,3698,6,1,29726.58,0
6291,3699,62,1,11719.05,15
6292,3699,33,2,13983.78,10
6293,3700,89,2,26154.34,0
6294,3700,78,1,36221.89,10
6295,3701,40,1,33853.04,0
6296,3702,119,1,9967.73,0
6297,3703,42,1,17734.18,0
6298,3703,137,4,36869.13,5
6299,3704,18,2,2522.69,0
6300,3704,15,2,27269.5,5
6301,3704,132,1,39886.3,0
6302,3704,34,1,29222.06,0
6303,3705,62,1,12977.41,20
6304,3705,38,1,4188.42,15
6305,3706,71,1,24756.49,0
6306,3707,23,2,21317.92,10
6307,3708,126,1,8329.83,10
6308,3708,20,1,11185.72,0
6309,3709,53,1,3268.13,5
6310,3709,130,1,47484.47,20
6311,3710,21,2,5956.0,15
6312,3710,76,1,39122.2,15
6313,3711,42,2,13920.0,10
6314,3711,57,2,44890.85,10
6315,3712,122,3,30037.72,5
6316,3713,91,1,8318.18,15
6317,3713,112,1,2226.0,15
6318,3713,10,1,2612.09,0
6319,3714,72,4,18803.9,10
6320,3714,61,2,3380.73,10
6321,3715,21,1,5836.76,0
6322,3716,121,1,35442.51,5
6323,3717,86,1,39592.26,20
6324,3717,141,1,1504.32,25
6325,3717,48,2,29380.12,15
6326,3718,9,1,6520.34,0
6327,3718,113,1,40512.23,5
6328,3718,120,1,21073.71,0
6329,3719,40,1,29043.63,10
6330,3720,76,1,35377.88,15
6331,3721,64,1,6164.04,20
6332,3722,94,1,8770.57,20
6333,3723,70,2,5738.89,0
6334,3723,64,1,4612.21,0
6335,3724,25,1,26638.69,20
6336,3724,138,3,5737.75,15
6337,3725,36,1,4534.38,5
6338,3725,139,1,22425.36,5
6339,3726,21,1,4466.51,10
6340,3726,146,1,28077.91,10
6341,3727,68,1,47121.18,0
6342,3728,41,1,30474.42,5
6343,3729,15,1,29090.47,10
6344,3730,23,2,20045.29,0
6345,3731,134,1,21562.66,25
6346,3732,112,4,2119.38,0
6347,3732,52,2,16250.51,10
6348,3733,137,2,34529.44,10
6349,3733,115,2,33831.69,5
6350,3734,44,1,11353.41,0
6351,3734,8,1,18307.71,10
6352,3735,99,4,36852.81,0
6353,3735,51,1,4197.34,5
6354,3736,99,1,37493.87,0
6355,3736,121,1,37977.42,0
6356,3737,90,1,31969.47,20
6357,3737,30,1,33516.47,10
6358,3738,139,1,23130.34,0
6359,3739,148,2,35406.81,20
6360,3739,31,1,23233.33,0
6361,3739,140,2,11136.75,0
6362,3739,67,1,39281.2,0
6363,3740,117,1,33635.87,10
6364,3741,5,1,6646.76,10
6365,3742,77,2,13542.1,0
6366,3743,12,3,21475.16,0
6367,3743,59,1,16102.35,10
6368,3743,65,1,3242.09,10
6369,3743,52,3,15970.47,15
6370,3744,43,2,6852.78,5
6371,3744,83,1,6587.11,10
6372,3744,93,1,35315.1,15
6373,3744,63,3,14765.7,10
6374,3745,111,1,7922.63,5
6375,3745,50,1,40872.53,0
6376,3746,112,1,2545.81,10
6377,3746,39,2,7384.58,15
6378,3747,80,1,29646.51,0
6379,3748,17,2,38954.35,5
6380,3748,43,2,5493.62,5
6381,3748,49,1,44393.08,0
6382,3748,5,1,4963.67,0
6383,3749,129,5,24345.68,0
6384,3749,67,1,35235.22,5
6385,3750,112,1,2325.2,5
6386,3750,24,5,22097.34,10
6387,3750,29,3,36845.72,0
6388,3751,143,1,13078.42,10
6389,3752,132,1,36044.28,0
6390,3753,44,1,14178.19,0
6391,3753,65,3,3443.13,5
6392,3753,120,3,30526.13,10
6393,3754,126,1,8026.81,15
6394,3755,31,2,19270.11,0
6395,3755,148,2,31019.57,10
6396,3755,10,1,3391.84,5
6397,3756,11,2,6957.08,10
6398,3757,82,1,47425.49,0
6399,3757,24,2,30922.51,15
6400,3757,39,1,7562.13,10
6401,3758,119,2,12187.91,15
6402,3759,76,1,40395.93,25
6403,3759,50,1,44628.29,20
6404,3760,7,1,42293.28,10
6405,3761,100,2,595.59,20
6406,3761,81,1,6399.38,0
6407,3762,68,2,37280.88,0
6408,3763,37,1,21643.66,10
6409,3763,83,2,7591.57,25
6410,3763,54,1,2931.0,10
6411,3763,90,1,41027.66,0
6412,3764,31,1,17824.29,10
6413,3764,100,1,767.83,0
6414,3765,93,2,41988.5,5
6415,3766,89,2,34900.07,0
6416,3766,123,1,23592.86,0
6417,3766,118,2,18626.07,0
6418,3767,47,1,36205.8,10
6419,3768,146,1,25712.52,10
6420,3769,3,1,14753.64,0
6421,3770,18,1,2819.47,5
6422,3770,58,2,39963.27,15
6423,3770,71,4,26663.52,25
6424,3771,81,1,9039.11,20
6425,3772,146,1,24060.91,0
6426,3773,52,3,18321.24,0
6427,3773,43,1,5887.45,0
6428,3773,67,1,31851.18,5
6429,3774,89,1,34948.95,10
6430,3774,135,2,2537.13,0
6431,3775,111,2,9723.17,20
6432,3776,83,2,7925.08,15
6433,3776,79,1,31924.13,5
6434,3777,85,2,7563.61,10
6435,3777,21,1,5466.65,10
6436,3777,122,4,28877.01,10
6437,3778,28,1,18801.94,20
6438,3779,32,1,24008.09,0
6439,3779,54,4,3295.27,10
6440,3779,123,3,23044.14,0
6441,3780,87,2,20124.83,5
6442,3781,40,1,32924.49,10
6443,3781,70,2,5075.8,0
6444,3782,24,2,28920.18,0
6445,3783,146,2,26719.07,0
6446,3783,74,4,35383.03,5
6447,3784,143,1,15965.16,10
6448,3785,98,1,19205.8,25
6449,3785,72,2,18476.15,0
6450,3786,27,1,14153.52,0
6451,3787,89,1,23900.07,5
6452,3788,131,1,19285.48,0
6453,3789,21,2,6359.72,0
6454,3789,121,1,48542.95,10
6455,3789,39,1,5964.91,20
6456,3790,32,1,25763.61,20
6457,3791,85,1,9748.18,0
6458,3792,9,1,7241.89,0
6459,3793,50,1,36019.86,5
6460,3793,1,3,3560.3,5
6461,3794,4,1,23400.32,10
6462,3795,4,2,23796.3,5
6463,3795,90,2,38513.86,0
6464,3796,15,1,22494.1,0
6465,3797,109,1,22331.81,20
6466,3798,32,3,26191.69,5
6467,3798,63,1,16103.79,15
6468,3799,108,1,28033.79,5
6469,3799,108,1,33992.92,10
6470,3799,14,1,14018.43,0
6471,3800,23,1,17866.31,15
6472,3801,111,1,10298.67,15
6473,3802,65,1,3569.12,0
6474,3803,41,2,24428.29,0
6475,3803,26,4,15729.73,5
6476,3804,48,1,22502.99,10
6477,3805,144,1,35098.98,10
6478,3805,32,2,29768.15,10
6479,3805,138,1,5347.32,10
6480,3806,82,1,45217.52,5
6481,3807,109,2,27527.34,10
6482,3808,3,3,13646.74,0
6483,3809,62,2,14030.7,0
6484,3809,79,1,29148.34,5
6485,3810,10,1,3324.16,15
6486,3810,150,1,20501.66,15
6487,3811,142,1,41638.5,10
6488,3812,136,1,16900.68,5
6489,3812,123,1,28037.22,0
6490,3812,102,1,28288.71,5
6491,3813,143,1,17399.26,0
6492,3814,110,3,22868.95,10
6493,3814,143,3,13936.86,0
6494,3815,70,2,4972.14,0
6495,3816,54,1,2699.32,10
6496,3817,76,1,46439.58,0
6497,3817,147,2,17699.0,10
6498,3817,40,2,34971.29,10
6499,3818,27,2,19858.78,15
6500,3818,74,1,32131.38,0
6501,3819,43,2,5010.41,0
6502,3820,46,3,36800.92,15
6503,3820,142,1,45911.79,0
6504,3821,64,1,5710.6,20
6505,3822,98,1,22632.85,0
6506,3822,126,2,7637.78,10
6507,3823,58,1,29059.27,0
6508,3824,29,3,33538.14,5
6509,3824,27,1,18870.93,20
6510,3824,67,3,28010.23,10
6511,3825,114,1,15806.45,10
6512,3826,78,1,45999.33,0
6513,3827,90,2,43155.12,20
6514,3828,131,3,21437.27,10
6515,3829,42,5,13742.48,0
6516,3830,13,1,47431.86,0
6517,3831,29,1,33587.4,0
6518,3831,9,1,7357.83,0
6519,3832,32,1,25652.58,20
6520,3833,150,1,23545.01,5
6521,3833,86,1,29644.95,0
6522,3834,58,3,27598.89,5
6523,3834,57,1,48607.01,5
6524,3835,138,2,6687.05,0
6525,3835,25,2,27059.9,0
6526,3835,76,1,42844.27,0
6527,3835,115,5,32654.68,10
6528,3836,131,1,17359.83,5
6529,3836,83,3,7954.53,20
6530,3836,13,4,39815.07,5
6531,3836,135,4,2458.07,5
6532,3837,22,2,34976.17,20
6533,3837,84,1,30749.96,5
6534,3837,107,1,25732.03,5
6535,3838,23,1,25309.59,5
6536,3838,14,1,13897.29,10
6537,3839,94,3,10072.42,5
6538,3840,87,2,23735.47,10
6539,3840,111,1,9213.82,5
6540,3841,52,1,17158.21,5
6541,3841,83,1,5925.25,15
6542,3841,41,1,28638.98,5
6543,3841,6,1,23331.23,0
6544,3842,138,2,6216.98,10
6545,3843,99,2,41721.88,20
6546,3844,85,1,10911.0,10
6547,3845,60,2,28743.16,0
6548,3845,30,2,30611.65,25
6549,3846,70,1,6399.81,0
6550,3847,5,4,5933.15,25
6551,3847,79,1,36167.62,0
6552,3848,43,1,6678.72,25
6553,3848,77,3,13391.2,0
6554,3849,6,1,24591.02,10
6555,3849,2,1,7464.2,15
6556,3849,17,2,35395.57,10
6557,3849,88,2,20717.85,15
6558,3850,12,1,26092.28,5
6559,3850,78,1,45429.6,0
6560,3851,7,1,35194.17,5
6561,3851,73,2,31003.43,10
6562,3851,78,1,41163.06,10
6563,3852,25,2,30656.65,0
6564,3853,53,2,3236.43,0
6565,3854,82,1,36241.9,5
6566,3855,81,1,7224.78,10
6567,3856,134,1,19177.72,20
6568,3857,76,1,37053.95,0
6569,3857,3,2,17058.07,20
6570,3858,35,2,2869.25,20
6571,3858,47,1,45466.03,0
6572,3859,93,3,38922.2,5
6573,3859,131,1,15909.19,10
6574,3860,59,1,18058.64,10
6575,3861,96,1,37376.49,10
6576,3862,18,1,2755.43,5
6577,3862,126,1,7145.18,0
6578,3863,77,3,15983.53,0
6579,3864,66,1,18453.52,0
6580,3865,20,3,11143.44,15
6581,3866,18,1,2703.46,0
6582,3867,72,2,15115.11,15
6583,3868,122,3,25235.13,5
6584,3869,66,1,23958.83,5
6585,3870,99,1,41657.15,20
6586,3870,26,1,18430.71,0
6587,3871,5,4,5305.48,0
6588,3872,80,2,30499.38,25
6589,3873,106,2,25852.4,10
6590,3873,11,2,6014.43,0
6591,3873,147,1,13820.7,0
6592,3874,140,1,10077.2,20
6593,3874,130,1,39530.65,10
6594,3875,150,1,26325.61,0
6595,3876,33,2,16086.88,20
6596,3876,24,2,27251.31,5
6597,3876,149,5,30900.68,25
6598,3877,46,1,34093.56,0
6599,3878,18,1,2683.92,5
6600,3879,133,2,37400.01,0
6601,3879,8,1,23488.19,5
6602,3879,85,1,9024.93,0
6603,3879,111,1,9968.3,0
6604,3880,57,1,48295.89,0
6605,3880,5,5,6148.93,0
6606,3880,13,1,42250.52,25
6607,3881,83,3,8017.97,0
6608,3882,90,3,31951.23,5
6609,3882,69,1,39707.39,10
6610,3883,32,2,34354.17,10
6611,3883,102,1,30653.38,15
6612,3884,130,1,37042.73,15
6613,3885,69,3,40897.24,25
6614,3886,143,1,14280.92,15
6615,3887,72,1,16557.04,15
6616,3887,111,1,8500.18,10
6617,3887,65,1,3256.87,10
6618,3888,17,1,34745.17,5
6619,3889,80,1,34894.49,0
6620,3889,129,1,21243.9,0
6621,3890,3,3,13468.21,5
6622,3891,127,1,39150.96,0
6623,3892,128,1,29980.69,10
6624,3892,70,1,5110.97,0
6625,3893,52,2,21150.57,5
6626,3893,122,2,29768.49,20
6627,3894,3,4,13605.68,5
6628,3895,94,2,7148.74,0
6629,3896,47,1,31130.42,0
6630,3896,75,1,22109.41,20
6631,3897,91,1,6269.61,20
6632,3898,86,2,29206.44,20
6633,3899,6,1,24592.05,0
6634,3899,95,2,10478.35,5
6635,3900,61,3,4001.3,25
6636,3901,43,2,6688.8,0
6637,3902,56,2,14410.64,0
6638,3903,114,2,11623.27,0
6639,3903,148,1,26815.5,25
6640,3903,47,1,45354.86,5
6641,3904,31,1,19092.95,20
6642,3905,102,1,31876.29,0
6643,3905,64,3,5158.17,15
6644,3906,90,1,40861.62,0
6645,3907,91,2,6538.12,0
6646,3908,46,2,36473.63,10
6647,3909,110,2,32802.86,5
6648,3910,95,1,8700.67,10
6649,3910,24,1,26904.97,25
6650,3911,89,1,29545.15,0
6651,3912,37,3,21827.96,0
6652,3912,29,1,32227.14,10
6653,3913,107,1,23189.23,20
6654,3914,130,1,44171.8,15
6655,3915,140,1,11842.03,5
6656,3916,133,1,39841.15,15
6657,3916,91,5,7448.21,0
6658,3917,56,2,17115.35,0
6659,3917,78,3,32785.72,10
6660,3917,71,1,27956.17,15
6661,3918,36,1,5232.04,5
6662,3918,74,2,41847.24,10
6663,3918,29,2,32241.76,5
6664,3919,80,1,42241.58,5
6665,3920,102,3,30153.37,20
6666,3920,33,4,12098.53,5
6667,3921,93,1,44797.96,0
6668,3922,112,1,2693.62,15
6669,3922,123,1,26377.31,10
6670,3923,141,5,2052.96,15
6671,3923,134,1,17481.61,20
6672,3923,8,2,18154.85,0
6673,3924,118,2,17233.17,5
6674,3925,9,1,5639.52,10
6675,3926,21,2,6242.71,0
6676,3926,129,1,25173.9,15
6677,3927,46,3,33292.2,10
6678,3927,62,2,14699.0,15
6679,3928,2,2,6254.88,15
6680,3929,104,1,31508.54,0
6681,3929,75,1,24896.87,15
6682,3929,101,3,36940.81,15
6683,3929,88,1,20624.41,15
6684,3930,128,1,26327.83,5
6685,3930,83,1,6417.24,5
6686,3931,5,1,5883.61,0
6687,3932,93,1,39115.77,20
6688,3933,39,1,5406.84,10
6689,3933,128,2,28998.86,10
6690,3934,66,1,23178.31,0
6691,3935,45,3,18423.19,10
6692,3936,75,1,18592.28,0
6693,3936,101,1,38188.07,20
6694,3937,141,1,1598.77,20
6695,3937,93,3,42050.61,0
6696,3938,119,4,9035.3,10
6697,3938,32,1,28314.61,10
6698,3939,109,1,25140.39,15
6699,3940,43,1,5878.68,15
6700,3940,136,3,18915.25,25
6701,3941,74,2,35486.23,5
6702,3941,139,3,20418.08,0
6703,3941,39,1,6549.7,10
6704,3941,26,1,16276.14,15
6705,3942,72,2,19260.9,0
6706,3943,102,3,36951.4,0
6707,3943,26,1,21080.9,15
6708,3944,32,1,31269.84,15
6709,3944,46,3,31258.09,0
6710,3944,135,1,2395.17,20
6711,3945,35,1,3329.82,0
6712,3945,22,1,24376.05,0
6713,3946,150,1,24002.63,5
6714,3946,122,1,26441.66,20
6715,3947,3,2,13276.05,10
6716,3948,46,1,34290.47,5
6717,3949,8,1,25620.2,0
6718,3949,4,2,29845.95,10
6719,3950,15,5,24513.03,10
6720,3950,44,2,14184.22,25
6721,3951,120,3,23150.93,15
6722,3951,76,4,44242.5,0
6723,3951,112,2,2835.96,10
6724,3951,87,5,23789.51,0
6725,3952,18,2,2929.89,25
6726,3953,52,2,18725.5,0
6727,3954,54,2,3310.49,0
6728,3955,42,3,18177.49,5
6729,3955,93,2,42254.02,0
6730,3956,141,2,1865.44,0
6731,3957,32,1,34557.58,5
6732,3957,83,3,8116.13,5
6733,3958,81,1,8591.12,5
6734,3959,66,1,23295.06,20
6735,3960,82,2,36701.6,5
6736,3961,78,1,38270.67,20
6737,3961,54,1,3361.56,0
6738,3961,73,1,25904.3,0
6739,3962,14,1,13641.39,10
6740,3962,136,1,15364.86,0
6741,3963,35,2,2629.79,0
6742,3963,146,3,30488.38,20
6743,3963,78,1,32613.44,10
6744,3964,52,2,17059.57,0
6745,3964,72,2,15276.6,15
6746,3965,136,1,20614.73,0
6747,3966,66,2,21034.43,10
6748,3967,81,1,9122.65,0
6749,3967,77,2,12256.11,0
6750,3967,118,1,18411.74,0
6751,3967,73,4,24083.47,20
6752,3968,27,1,15719.99,0
6753,3968,148,1,33024.96,5
6754,3969,38,1,3659.97,0
6755,3970,140,2,11694.1,5
6756,3970,86,1,33970.21,5
6757,3971,101,1,28223.33,5
6758,3972,103,1,6287.1,15
6759,3973,31,1,19777.15,20
6760,3974,40,2,37451.83,0
6761,3974,73,1,30341.12,0
6762,3974,138,2,5267.84,20
6763,3975,130,1,40306.25,25
6764,3976,82,1,41661.84,5
6765,3977,32,1,32772.13,5
6766,3978,88,3,25087.89,0
6767,3979,102,2,33932.45,5
6768,3980,89,1,24220.47,0
6769,3981,89,2,29303.05,25
6770,3982,32,2,33513.68,0
6771,3982,54,1,3550.98,5
6772,3982,96,1,35881.13,10
6773,3983,114,1,14849.94,0
6774,3984,24,1,21739.85,5
6775,3985,30,1,38886.66,25
6776,3986,97,2,34229.07,5
6777,3986,55,1,1477.92,20
6778,3987,64,1,4573.26,0
6779,3987,33,1,14185.02,0
6780,3988,46,1,39551.07,20
6781,3989,33,1,13338.74,0
6782,3989,30,2,28314.58,15
6783,3989,79,1,32462.12,5
6784,3990,92,2,32564.49,5
6785,3990,96,1,29599.67,10
6786,3991,30,2,34780.23,10
6787,3991,106,1,34238.31,20
6788,3992,102,2,33114.72,0
6789,3993,140,2,13127.02,10
6790,3994,67,1,36298.62,0
6791,3994,143,2,16319.42,10
6792,3995,10,1,2886.12,0
6793,3995,86,1,34277.31,5
6794,3995,61,4,3462.82,0
6795,3996,23,1,25408.82,0
6796,3996,11,1,6714.95,10
6797,3997,16,1,6884.9,0
6798,3998,49,1,44380.87,10
6799,3999,110,3,31642.58,5
6800,3999,80,1,41976.74,0
6801,4000,142,1,34599.9,5
6802,4000,134,1,22499.99,20
6803,4001,145,1,21836.52,25
6804,4002,119,1,11170.98,5
6805,4003,42,1,15360.84,0
6806,4004,10,1,3347.64,0
6807,4004,49,3,36956.13,15
6808,4005,9,1,7270.36,10
6809,4005,2,1,8460.65,0
6810,4006,68,5,37230.32,5
6811,4006,52,2,16742.12,15
6812,4007,139,2,21998.82,5
6813,4007,37,2,19921.95,15
6814,4008,22,1,30310.49,0
6815,4009,5,2,6421.09,10
6816,4009,130,1,45738.04,5
6817,4010,133,2,30893.87,10
6818,4010,99,1,36713.14,10
6819,4010,147,4,16823.24,5
6820,4010,103,2,6312.66,5
6821,4011,115,1,27349.44,0
6822,4011,4,1,23280.09,25
6823,4011,87,1,20877.99,20
6824,4012,46,2,42168.16,5
6825,4012,83,1,7119.73,0
6826,4012,50,1,36849.44,0
6827,4013,26,4,14891.49,20
6828,4014,71,4,21224.09,20
6829,4014,32,4,31079.79,0
6830,4015,111,1,10142.95,15
6831,4015,117,2,36341.1,10
6832,4015,97,4,25040.86,0
6833,4016,26,1,17290.67,5
6834,4016,88,1,24470.21,10
6835,4017,51,2,4118.63,0
6836,4018,87,3,26716.81,0
6837,4018,26,2,15658.67,0
6838,4018,124,1,15395.77,20
6839,4018,31,1,20510.66,10
6840,4019,126,2,10366.25,5
6841,4020,45,1,17589.09,10
6842,4021,31,2,21951.69,25
6843,4022,111,1,10138.57,0
6844,4022,61,1,3223.85,0
6845,4023,45,1,16997.71,0
6846,4024,60,1,41442.31,20
6847,4025,52,2,16749.29,5
6848,4025,52,1,20504.18,15
6849,4026,76,2,50036.98,0
6850,4026,62,2,10903.9,5
6851,4027,67,1,32857.73,0
6852,4027,79,3,28885.51,5
6853,4028,49,2,34173.91,0
6854,4029,88,2,18626.12,10
6855,4029,115,3,31513.89,15
6856,4030,44,1,14925.92,20
6857,4031,36,1,5214.62,0
6858,4032,22,1,34516.35,15
6859,4033,130,1,34725.5,20
6860,4033,7,1,35750.79,0
6861,4033,16,2,6279.57,10
6862,4034,94,1,7588.6,10
6863,4035,44,1,11747.73,0
6864,4036,110,1,27394.56,0
6865,4037,65,1,3567.41,0
6866,4038,73,2,30897.41,10
6867,4038,71,2,22000.22,0
6868,4038,74,1,44652.69,0
6869,4039,25,1,30103.34,10
6870,4039,82,1,38368.98,5
6871,4039,71,2,21808.87,0
6872,4040,57,5,49355.64,5
6873,4041,50,1,40329.85,25
6874,4042,75,2,25280.49,0
6875,4043,138,3,5933.54,0
6876,4043,150,1,23068.69,0
6877,4044,41,3,23764.82,0
6878,4045,47,1,45770.35,10
6879,4046,142,4,35070.92,25
6880,4047,131,1,15091.13,10
6881,4048,78,1,39490.58,5
6882,4049,53,4,3639.18,5
6883,4050,16,1,6065.07,0
6884,4051,119,3,10778.58,0
6885,4052,28,1,15026.16,15
6886,4052,130,2,38709.06,5
6887,4052,61,1,3041.72,0
6888,4052,55,4,1786.17,0
6889,4053,18,1,2295.76,5
6890,4054,49,1,34059.28,15
6891,4055,102,2,35096.05,5
6892,4055,42,4,15686.18,15
6893,4055,7,1,33427.94,10
6894,4056,132,1,37103.03,0
6895,4056,59,1,15791.73,25
6896,4056,49,1,34904.19,0
6897,4057,60,2,37206.07,0
6898,4058,6,1,28414.13,15
6899,4058,148,2,36102.41,0
6900,4059,31,1,20546.54,5
6901,4060,116,1,41242.46,20
6902,4060,150,1,26710.28,10
6903,4061,85,2,8194.38,0
6904,4061,47,1,33393.61,10
6905,4061,44,1,14496.39,15
6906,4061,56,1,16117.3,5
6907,4062,43,2,6353.6,10
6908,4063,54,1,2971.82,25
6909,4064,68,4,39065.98,25
6910,4065,53,2,4405.41,5
6911,4065,40,1,30623.3,0
6912,4066,86,1,37236.98,10
6913,4066,137,1,27800.21,0
6914,4067,95,3,7790.32,10
6915,4067,138,1,4901.58,5
6916,4068,10,1,3022.65,10
6917,4069,138,2,7098.01,5
6918,4070,36,2,5585.94,20
6919,4070,43,2,6178.73,0
6920,4071,107,4,30271.66,0
6921,4072,132,1,37335.87,15
6922,4073,140,1,11620.69,5
6923,4074,124,1,15425.73,5
6924,4074,49,3,40550.46,20
6925,4075,141,4,1549.11,10
6926,4075,124,4,17087.08,10
6927,4076,68,1,47166.6,0
6928,4076,102,1,27748.34,10
6929,4076,90,1,32151.07,5
6930,4077,9,1,5754.92,5
6931,4078,10,1,3175.93,15
6932,4078,125,1,28653.26,5
6933,4078,115,1,29830.9,25
6934,4079,65,1,2918.09,15
6935,4079,112,1,2465.76,10
6936,4080,72,1,14816.08,10
6937,4081,74,2,47056.2,5
6938,4082,54,1,3270.73,0
6939,4083,89,2,32292.01,0
6940,4083,95,1,9580.98,0
6941,4083,103,2,5498.5,25
6942,4083,61,1,3352.25,0
6943,4084,136,1,18873.49,10
6944,4085,128,2,32095.29,10
6945,4086,65,3,3110.69,10
6946,4087,5,1,4906.74,10
6947,4087,120,1,20886.19,0
6948,4088,115,4,27814.8,20
6949,4089,109,1,21827.09,20
6950,4090,43,1,6798.65,10
6951,4091,26,3,16043.37,20
6952,4092,11,2,5719.89,0
6953,4093,130,1,43519.46,0
6954,4094,21,4,6031.62,10
6955,4094,115,1,29537.84,15
6956,4095,128,1,26307.74,0
6957,4095,76,2,38675.68,10
6958,4096,73,1,25463.81,0
6959,4096,87,1,22061.91,25
6960,4097,106,5,28062.05,15
6961,4098,133,1,29473.6,5
6962,4098,9,2,7467.27,25
6963,4099,119,1,8386.58,0
6964,4100,50,1,37164.09,5
6965,4101,10,2,3690.75,0
6966,4101,113,2,36579.03,0
6967,4101,10,3,2939.78,0
6968,4102,78,3,33933.11,0
6969,4102,36,1,5755.5,20
6970,4103,56,1,13567.83,5
6971,4103,118,1,17226.56,0
6972,4104,37,1,22408.34,10
6973,4104,48,1,22311.31,10
6974,4104,150,1,26130.61,25
6975,4105,87,2,27760.38,10
6976,4105,61,2,3928.93,15
6977,4105,75,4,20611.89,5
6978,4105,117,1,40414.45,0
6979,4106,115,1,30417.16,5
6980,4106,99,2,39403.06,5
6981,4107,48,2,28243.43,5
6982,4107,37,1,16058.93,10
6983,4108,5,1,5203.07,5
6984,4108,100,1,571.95,25
6985,4109,17,3,28350.43,25
6986,4110,90,3,30505.58,5
6987,4111,108,1,32961.51,10
6988,4111,20,1,9099.22,5
6989,4112,103,1,6276.24,5
6990,4113,97,1,32318.15,25
6991,4114,144,1,34191.27,0
6992,4115,7,1,38259.62,5
6993,4116,94,1,7666.3,0
6994,4116,66,1,20358.19,10
6995,4116,12,1,24874.49,0
6996,4116,40,1,35017.98,20
6997,4117,1,2,3065.51,5
6998,4117,58,4,36255.35,20
6999,4118,131,1,20221.96,25
7000,4119,8,1,22082.47,15
7001,4119,90,1,33386.43,10
7002,4119,75,1,21636.11,0
7003,4119,85,1,9305.42,20
7004,4120,5,2,5796.0,15
7005,4120,26,1,18059.16,0
7006,4120,85,1,7899.43,5
7007,4121,73,2,23068.71,0
7008,4122,145,1,17696.74,10
7009,4122,101,1,29256.17,0
7010,4122,66,2,18680.3,10
7011,4123,119,1,9238.1,10
7012,4124,47,2,34267.88,0
7013,4125,92,4,37899.52,20
7014,4126,27,3,19575.75,15
7015,4126,40,1,29470.95,5
7016,4127,1,1,3380.79,20
7017,4128,139,1,22988.08,20
7018,4128,18,5,2816.38,10
7019,4129,91,4,6493.12,0
7020,4129,47,1,41751.41,5
7021,4130,21,3,5054.49,20
7022,4131,129,1,22994.22,10
7023,4132,14,1,14315.37,10
7024,4133,20,1,9592.12,25
7025,4134,121,1,49771.7,0
7026,4134,122,3,25639.27,0
7027,4135,52,1,19365.43,20
7028,4135,68,2,41250.9,0
7029,4136,37,5,21676.91,0
7030,4136,82,3,33295.91,20
7031,4137,49,1,40167.32,10
7032,4138,39,2,7259.89,10
7033,4138,138,1,5907.01,10
7034,4139,137,2,27782.63,0
7035,4139,92,1,31320.62,10
7036,4139,141,2,1879.16,10
7037,4140,18,2,3098.05,0
7038,4140,140,2,11870.33,15
7039,4140,72,4,16584.98,0
7040,4140,5,1,5237.48,0
7041,4141,7,1,37120.58,0
7042,4141,143,1,14995.39,5
7043,4141,146,1,28168.58,20
7044,4142,38,1,5206.31,5
7045,4142,26,1,20555.22,0
7046,4143,59,2,15636.0,0
7047,4144,52,3,19640.63,10
7048,4144,149,1,23687.96,0
7049,4145,145,1,18906.45,0
7050,4145,107,1,23207.48,10
7051,4145,62,1,11969.62,15
7052,4146,59,2,18968.89,20
7053,4147,2,1,7593.06,15
7054,4148,25,2,31221.86,5
7055,4149,19,1,2375.33,15
7056,4149,25,4,25349.86,10
7057,4150,4,3,25673.78,0
7058,4151,3,4,13413.48,5
7059,4152,106,1,35475.58,0
7060,4152,138,1,5711.3,0
7061,4152,113,1,40313.03,0
7062,4153,27,2,16695.43,25
7063,4153,112,1,2178.9,15
7064,4154,90,2,32008.92,5
7065,4155,129,2,25304.47,0
7066,4156,44,1,11168.49,0
7067,4157,52,2,22486.84,5
7068,4158,65,1,3059.8,10
7069,4159,11,1,5381.77,15
7070,4160,68,2,43797.25,0
7071,4160,121,4,36632.73,5
7072,4161,77,2,11432.99,25
7073,4161,15,2,29929.98,0
7074,4162,57,4,40299.06,5
7075,4163,74,1,39980.62,0
7076,4164,64,5,4706.09,0
7077,4164,11,1,4953.79,15
7078,4164,121,1,40501.6,10
7079,4165,125,1,31765.17,5
7080,4166,148,1,36431.11,5
7081,4167,30,1,32950.47,15
7082,4167,10,1,3453.03,0
7083,4168,54,1,2793.11,0
7084,4168,129,1,18506.16,20
7085,4169,58,1,29137.3,15
7086,4170,149,2,31435.64,15
7087,4170,143,1,17605.33,10
7088,4171,147,1,12861.6,0
7089,4171,132,1,29504.87,20
7090,4172,76,1,45461.46,5
7091,4172,89,3,33563.82,0
7092,4172,98,3,26121.56,5
7093,4173,81,3,6870.66,0
7094,4174,70,1,5845.54,0
7095,4174,12,1,25931.84,0
7096,4175,127,1,37937.01,0
7097,4176,79,2,32676.31,0
7098,4176,145,2,19452.7,0
7099,4177,129,3,19894.1,0
7100,4177,14,1,14208.38,0
7101,4178,119,1,11877.88,0
7102,4179,2,1,7435.57,0
7103,4179,4,2,23626.09,5
7104,4179,66,1,22365.21,10
7105,4180,90,1,33985.77,0
7106,4181,60,3,30994.36,0
7107,4182,97,2,28126.05,20
7108,4183,127,1,42366.79,5
7109,4183,60,1,30019.33,15
7110,4184,83,2,7424.4,10
7111,4185,74,1,32274.51,0
7112,4185,55,2,1987.98,10
7113,4185,26,1,21315.63,10
7114,4186,121,3,46519.05,5
7115,4186,67,2,33746.66,10
7116,4186,116,3,38011.38,15
7117,4187,67,1,37409.21,5
7118,4187,6,1,30340.7,0
7119,4187,114,1,12081.1,0
7120,4188,10,4,3072.47,0
7121,4189,38,1,4073.1,0
7122,4189,124,1,16673.67,5
7123,4190,77,1,13196.32,0
7124,4191,102,2,38029.18,20
7125,4191,12,3,21391.22,10
7126,4191,46,2,35879.56,5
7127,4192,49,1,44960.82,0
7128,4192,91,5,6990.43,0
7129,4193,124,1,20126.45,15
7130,4194,72,3,13446.99,5
7131,4194,102,1,38044.6,0
7132,4195,43,1,5168.43,15
7133,4196,60,1,42125.22,0
7134,4197,101,1,28417.36,5
7135,4198,86,1,35201.65,25
7136,4198,126,1,8192.47,0
7137,4198,11,1,5809.54,10
7138,4198,35,1,2677.07,20
7139,4199,23,1,25812.7,0
7140,4199,149,3,26315.68,20
7141,4199,28,3,16794.93,5
7142,4200,116,4,36108.24,20
7143,4200,95,2,10006.04,0
7144,4201,58,2,34106.0,25
7145,4201,53,3,4527.46,10
7146,4201,28,2,15388.07,10
7147,4202,42,1,14917.62,15
7148,4203,85,1,8743.26,5
7149,4203,93,1,41156.1,0
7150,4203,124,3,18733.42,0
7151,4204,47,2,42715.14,0
7152,4205,115,1,24889.25,10
7153,4205,10,1,3210.12,15
7154,4206,23,1,25532.73,5
7155,4206,5,2,4965.41,5
7156,4207,82,1,33810.25,15
7157,4208,119,1,11102.85,0
7158,4209,6,1,24151.37,10
7159,4210,125,2,33629.61,0
7160,4210,47,4,39246.98,0
7161,4210,28,3,18831.68,10
7162,4210,13,1,46060.3,0
7163,4211,25,1,28590.59,0
7164,4212,7,1,34888.14,10
7165,4213,80,1,32718.31,5
7166,4213,66,2,23589.76,10
7167,4214,36,1,5042.31,25
7168,4215,2,2,8442.82,10
7169,4216,113,1,33788.23,10
7170,4216,38,5,3713.92,5
7171,4217,14,1,11251.56,10
7172,4218,143,1,13910.49,0
7173,4218,85,2,10306.88,10
7174,4219,140,2,13188.01,0
7175,4220,115,2,25061.09,0
7176,4221,97,4,30854.62,10
7177,4221,86,1,41168.89,10
7178,4222,102,1,34849.17,5
7179,4223,82,3,40258.64,5
7180,4223,44,1,12640.25,5
7181,4223,130,1,46236.83,15
7182,4224,93,2,36583.89,0
7183,4224,105,2,19181.53,5
7184,4224,125,1,35151.43,0
7185,4225,73,1,29494.17,0
7186,4226,72,1,19270.94,5
7187,4227,133,1,37653.69,0
7188,4228,78,4,32233.32,5
7189,4229,58,1,29740.48,20
7190,4230,125,1,26004.86,10
7191,4230,11,2,5249.52,15
7192,4231,27,2,14481.6,10
7193,4232,56,2,16711.02,20
7194,4233,126,1,7235.1,0
7195,4234,59,3,17556.46,5
7196,4235,109,1,29118.11,10
7197,4235,40,1,34607.82,20
7198,4236,146,2,31126.84,0
7199,4237,61,1,3334.68,0
7200,4238,122,3,27876.56,25
7201,4239,106,1,27715.89,0
7202,4239,23,3,21830.46,0
7203,4239,36,1,4989.06,5
7204,4240,38,4,3600.69,5
7205,4241,72,2,14538.5,15
7206,4241,56,2,18020.53,5
7207,4241,76,1,46896.71,10
7208,4242,107,4,27280.95,0
7209,4243,149,1,25932.51,10
7210,4243,62,1,12312.65,0
7211,4243,23,2,18470.81,0
7212,4244,149,1,33424.9,20
7213,4244,120,1,29311.35,0
7214,4245,144,2,27676.98,10
7215,4246,65,1,2752.86,20
7216,4246,108,2,35059.98,0
7217,4246,80,2,32308.38,0
7218,4247,133,1,40115.29,5
7219,4247,64,1,5907.51,0
7220,4248,41,2,24030.16,15
7221,4249,98,2,19253.73,0
7222,4250,89,1,32927.74,25
7223,4250,106,1,28929.55,20
7224,4251,143,1,16882.94,20
7225,4251,54,2,3010.27,0
7226,4252,77,2,11806.83,0
7227,4252,42,1,18048.55,0
7228,4253,25,2,26239.02,10
7229,4253,67,3,30693.52,0
7230,4254,112,1,2115.8,15
7231,4254,73,2,27102.41,10
7232,4255,150,3,26134.1,10
7233,4255,112,5,2254.66,10
7234,4256,137,1,35750.42,10
7235,4256,23,1,19206.33,0
7236,4257,15,4,24911.72,0
7237,4258,127,1,45842.97,5
7238,4258,14,1,12771.78,10
7239,4258,52,1,17379.99,0
7240,4259,84,2,26559.35,15
7241,4260,36,1,4019.5,15
7242,4261,145,3,23685.99,0
7243,4261,4,1,22972.4,10
7244,4262,131,2,15741.13,0
7245,4263,19,1,2401.07,0
7246,4264,58,1,32851.83,15
7247,4265,7,1,42719.89,25
7248,4265,36,4,4405.75,10
7249,4266,76,1,43139.85,20
7250,4266,148,2,27821.1,10
7251,4266,102,2,31938.85,10
7252,4266,76,1,37148.56,5
7253,4267,68,2,37227.64,0
7254,4267,66,1,19500.32,0
7255,4268,47,2,42462.06,5
7256,4269,134,1,22712.17,10
7257,4270,18,3,2599.61,5
7258,4271,22,2,25290.99,10
7259,4272,68,1,38351.54,0
7260,4273,98,1,23837.64,5
7261,4274,9,1,7358.15,5
7262,4275,75,3,25165.8,0
7263,4276,17,1,35197.88,20
7264,4276,51,1,4438.14,10
7265,4277,24,1,28352.79,0
7266,4277,125,5,29686.88,10
7267,4277,15,2,27855.38,10
7268,4278,131,1,16661.16,5
7269,4278,52,2,17353.97,25
7270,4278,54,5,2742.21,10
7271,4279,58,2,32521.2,20
7272,4279,45,1,19686.5,20
7273,4280,118,1,17893.97,0
7274,4281,77,1,15334.82,0
7275,4281,50,1,45276.2,5
7276,4282,22,1,24937.13,15
7277,4283,52,2,19018.41,15
7278,4283,31,3,20859.0,15
7279,4284,71,2,28690.63,5
7280,4284,90,1,34140.12,15
7281,4285,31,2,17249.77,10
7282,4285,102,2,30054.68,0
7283,4286,132,1,42755.44,0
7284,4286,97,1,34017.74,10
7285,4286,67,1,32805.8,10
7286,4286,137,1,37535.75,10
7287,4287,83,1,5921.51,0
7288,4287,56,1,15502.99,0
7289,4288,26,1,19943.05,10
7290,4288,60,1,31720.5,25
7291,4289,128,3,26507.54,20
7292,4290,127,4,47733.17,5
7293,4290,72,4,16932.42,20
7294,4290,90,3,44606.4,0
7295,4291,58,5,28823.99,20
7296,4292,63,2,15546.02,5
7297,4292,120,4,23790.3,15
7298,4292,131,2,21202.52,0
7299,4293,135,2,2113.41,20
7300,4294,114,1,13127.99,10
7301,4295,2,2,6547.86,0
7302,4295,140,4,13541.82,0
7303,4295,48,1,24552.31,0
7304,4296,53,1,3183.94,5
7305,4297,125,1,30896.29,0
7306,4297,117,2,33832.39,10
7307,4297,91,2,6177.69,15
7308,4298,82,1,34417.71,25
7309,4299,68,1,48310.8,0
7310,4299,94,3,7052.08,0
7311,4299,149,2,24049.2,5
7312,4300,72,1,14612.26,0
7313,4300,103,2,6483.15,15
7314,4301,13,1,33638.22,5
7315,4301,124,1,19802.29,10
7316,4302,150,3,27679.08,0
7317,4303,7,3,36611.25,15
7318,4304,24,1,24284.13,25
7319,4304,133,1,36707.19,5
7320,4304,50,1,41020.61,25
7321,4305,26,3,20319.34,0
7322,4306,138,3,6733.06,0
7323,4307,11,1,5430.15,25
7324,4307,40,1,33856.86,10
7325,4308,102,1,27819.29,0
7326,4309,11,3,5987.91,5
7327,4310,112,1,2567.01,5
7328,4311,94,1,7358.78,10
7329,4312,4,2,22986.88,15
7330,4312,2,1,6700.03,0
7331,4312,45,1,18250.67,10
7332,4313,74,1,45643.85,5
7333,4314,103,2,5586.59,10
7334,4314,42,2,18526.03,5
7335,4314,29,1,30960.12,5
7336,4314,144,1,28195.17,0
7337,4315,100,1,614.35,5
7338,4316,132,1,33438.47,0
7339,4317,100,1,695.67,0
7340,4317,16,2,7663.3,5
7341,4318,6,4,25264.64,0
7342,4319,42,3,17027.35,10
7343,4319,128,2,24263.82,0
7344,4320,100,2,559.96,5
7345,4320,76,3,35611.4,25
7346,4320,42,2,18203.07,0
7347,4321,95,2,8845.26,5
7348,4322,12,1,20793.28,10
7349,4322,124,1,18280.36,0
7350,4323,64,1,5469.65,10
7351,4324,29,3,29793.57,0
7352,4325,19,2,2816.3,0
7353,4326,97,1,32512.87,20
7354,4326,45,2,17276.66,0
7355,4326,54,1,3517.3,5
7356,4327,110,4,24344.53,0
7357,4328,80,1,39599.29,0
7358,4328,13,2,46411.44,0
7359,4328,140,2,11966.05,0
7360,4329,113,5,31058.84,10
7361,4330,71,1,24673.99,15
7362,4331,14,3,10868.04,5
7363,4332,42,1,13650.48,10
7364,4332,99,1,38029.89,15
7365,4333,76,1,34936.03,25
7366,4333,104,2,27470.85,5
7367,4334,121,1,46344.09,20
7368,4335,65,1,3361.67,5
7369,4335,145,2,17502.63,15
7370,4335,38,1,4656.76,10
7371,4336,28,1,18492.06,20
7372,4337,33,1,11679.3,5
7373,4337,111,3,9484.07,10
7374,4337,126,2,9629.24,5
7375,4338,128,1,31941.89,20
7376,4338,70,2,5064.75,25
7377,4338,85,1,8086.86,0
7378,4339,132,1,39978.89,5
7379,4339,119,1,12050.56,0
7380,4340,10,3,3435.1,0
7381,4340,36,5,5754.24,20
7382,4341,73,1,27351.13,10
7383,4342,132,1,41993.05,5
7384,4342,122,1,29570.74,10
7385,4343,136,2,21761.99,10
7386,4343,27,1,15155.43,0
7387,4344,137,2,36767.8,0
7388,4345,41,1,23252.14,10
7389,4345,104,2,25286.82,0
7390,4346,26,1,18462.21,0
7391,4347,132,3,33499.25,0
7392,4348,116,1,34586.43,20
7393,4349,129,2,26375.76,0
7394,4350,148,2,35168.87,15
7395,4351,92,2,40130.72,10
7396,4351,96,1,37443.59,0
7397,4351,52,1,18273.8,10
7398,4352,94,2,7662.61,5
7399,4353,64,2,4721.01,15
7400,4353,21,1,5408.53,20
7401,4354,106,1,31022.96,0
7402,4355,80,1,35645.73,15
7403,4356,76,2,40581.08,0
7404,4357,96,2,27376.08,0
7405,4358,25,2,26151.62,0
7406,4358,26,1,15402.21,10
7407,4359,100,1,779.22,0
7408,4359,81,2,6403.68,5
7409,4360,27,1,16629.31,15
7410,4361,63,1,13919.71,15
7411,4362,86,1,39792.14,20
7412,4362,118,1,14935.83,0
7413,4362,38,3,3730.9,10
7414,4363,46,1,36418.61,20
7415,4364,127,1,48613.71,0
7416,4365,71,1,29722.26,15
7417,4365,131,2,16703.16,0
7418,4366,134,1,22517.27,10
7419,4367,13,2,32786.55,10
7420,4367,90,1,32192.07,20
7421,4367,112,1,2459.33,5
7422,4367,33,1,12511.28,15
7423,4368,62,5,14252.18,0
7424,4368,63,1,19198.63,5
7425,4369,56,2,13505.61,5
7426,4370,39,3,5916.28,10
7427,4371,60,1,34712.37,5
7428,4371,105,2,17278.45,25
7429,4372,127,1,48607.66,0
7430,4373,83,1,8317.06,0
7431,4373,105,1,17760.81,25
7432,4373,74,2,35983.32,5
7433,4374,135,1,2589.02,10
7434,4374,122,1,24384.71,0
7435,4375,62,1,15075.55,0
7436,4376,1,1,2958.5,0
7437,4376,79,3,33201.02,0
7438,4377,118,1,13541.82,10
7439,4378,65,3,3046.89,15
7440,4379,66,2,21627.53,20
7441,4379,67,3,36689.88,0
7442,4380,100,1,758.27,0
7443,4380,54,1,3398.1,10
7444,4381,121,1,38583.22,0
7445,4381,100,1,785.6,15
7446,4382,103,1,6181.27,5
7447,4383,108,1,29535.39,25
7448,4383,12,4,26561.37,0
7449,4384,148,1,39074.01,0
7450,4385,87,1,24511.36,0
7451,4385,86,2,32944.53,0
7452,4386,32,1,30380.37,10
7453,4386,71,1,24112.74,20
7454,4387,44,1,14555.58,0
7455,4387,66,1,20912.39,0
7456,4388,78,1,45816.38,0
7457,4388,55,1,1805.38,5
7458,4388,16,1,5942.85,5
7459,4389,88,1,23734.84,10
7460,4389,71,1,23699.97,15
7461,4389,68,2,38217.3,10
7462,4390,124,1,16912.34,10
7463,4390,133,1,27884.31,15
7464,4390,5,3,6910.27,5
7465,4390,125,2,32085.44,0
7466,4391,131,1,20441.51,0
7467,4391,136,4,17039.08,0
7468,4391,74,2,43479.87,5
7469,4391,125,1,32511.57,5
7470,4392,98,4,23091.99,0
7471,4392,123,1,32229.05,15
7472,4393,100,5,681.37,10
7473,4393,53,1,4052.67,0
7474,4393,76,1,34490.88,15
7475,4393,128,2,27700.91,10
7476,4394,14,1,13832.81,0
7477,4394,5,1,6435.64,25
7478,4394,112,2,2494.73,0
7479,4395,27,1,20124.74,15
7480,4395,125,3,31521.45,25
7481,4396,29,1,36323.17,10
7482,4397,3,3,14256.2,10
7483,4398,137,1,34294.34,20
7484,4398,1,1,3400.36,0
7485,4398,23,1,20915.53,0
7486,4399,67,2,40341.42,10
7487,4400,6,1,22104.97,20
7488,4400,49,1,32455.12,10
7489,4401,143,1,13182.66,25
7490,4402,30,1,30649.4,0
7491,4403,40,1,30337.77,15
7492,4403,63,2,13883.99,20
7493,4404,48,1,27835.93,5
7494,4404,124,1,18217.02,25
7495,4404,68,3,45957.4,0
7496,4405,135,2,2762.58,25
7497,4406,43,3,6147.98,20
7498,4406,144,3,28267.97,0
7499,4406,22,1,24945.93,5
7500,4407,63,4,18223.29,5
7501,4407,41,1,27862.49,0
7502,4408,50,3,33080.63,0
7503,4409,67,1,30933.55,0
7504,4410,86,1,39448.63,5
7505,4411,37,2,20040.22,5
7506,4412,150,3,24829.92,20
7507,4413,27,2,15481.21,0
7508,4414,120,1,26938.19,10
7509,4415,130,1,44428.53,0
7510,4415,22,2,34065.32,10
7511,4415,17,1,36478.22,20
7512,4416,112,2,2532.35,5
7513,4416,125,1,33809.16,0
7514,4417,56,1,16604.63,10
7515,4417,43,2,5257.74,0
7516,4418,121,2,48975.75,5
7517,4419,133,4,34787.76,0
7518,4419,130,1,41691.12,0
7519,4419,121,4,50753.2,10
7520,4420,132,4,42770.57,20
7521,4420,112,2,2541.78,10
7522,4420,134,3,17023.67,0
7523,4421,5,2,5616.33,0
7524,4422,61,1,4357.21,25
7525,4422,56,1,15336.06,20
7526,4422,102,2,38622.51,0
7527,4423,119,4,8602.35,20
7528,4423,13,1,41099.61,25
7529,4423,26,2,18447.09,0
7530,4424,64,2,4869.34,10
7531,4424,139,1,23807.16,10
7532,4425,62,1,13368.74,0
7533,4425,124,2,15811.85,0
7534,4426,70,1,5409.05,5
7535,4427,75,1,23133.68,20
7536,4428,10,2,2870.43,15
7537,4429,144,2,38124.03,0
7538,4430,12,2,20544.84,10
7539,4431,88,3,19852.63,5
7540,4431,50,1,32830.77,5
7541,4431,143,1,13558.6,15
7542,4432,59,2,16376.68,10
7543,4433,62,2,15243.3,0
7544,4433,72,1,13669.46,0
7545,4433,50,1,33830.81,10
7546,4433,54,2,2990.83,10
7547,4434,54,2,3430.76,5
7548,4434,104,1,33856.66,10
7549,4435,51,1,5167.5,15
7550,4436,74,1,32171.65,10
7551,4437,129,1,23554.98,25
7552,4438,85,1,9764.78,0
7553,4438,69,1,39627.94,20
7554,4438,129,1,21213.51,0
7555,4438,117,1,39365.61,10
7556,4439,55,1,1622.75,5
7557,4439,85,1,8327.05,5
7558,4439,89,2,27352.9,25
7559,4440,73,1,25673.61,0
7560,4441,80,2,32052.89,10
7561,4441,110,2,28679.13,15
7562,4441,61,1,4280.83,0
7563,4442,103,1,5721.94,25
7564,4442,113,2,33745.73,10
7565,4443,80,1,40157.48,20
7566,4444,142,1,42473.31,10
7567,4444,112,3,2333.62,10
7568,4445,98,1,24744.75,0
7569,4445,88,2,23774.73,15
7570,4446,100,4,615.89,0
7571,4447,120,1,24335.61,10
7572,4447,129,1,18865.26,0
7573,4448,47,1,45831.51,0
7574,4449,149,4,23901.7,0
7575,4450,39,1,5752.55,20
7576,4451,3,1,14819.28,10
7577,4451,144,1,37940.06,10
7578,4451,68,1,39567.45,20
7579,4451,13,1,44198.39,15
7580,4452,20,1,11093.34,0
7581,4452,83,1,7610.99,10
7582,4453,27,4,19753.72,25
7583,4454,130,2,32683.68,0
7584,4455,10,2,3629.26,10
7585,4456,89,1,33266.99,10
7586,4456,19,1,3123.01,5
7587,4457,143,2,17816.94,25
7588,4458,103,1,6325.01,5
7589,4458,47,1,34151.0,0
7590,4458,16,1,6214.22,25
7591,4459,81,1,7207.41,10
7592,4459,132,1,30591.94,0
7593,4459,113,1,37508.0,0
7594,4460,66,1,17670.22,20
7595,4460,54,3,2713.45,0
7596,4461,2,1,8402.27,10
7597,4462,61,4,4310.26,0
7598,4463,15,3,29277.17,25
7599,4464,60,2,40004.68,15
7600,4464,112,5,2550.62,10
7601,4465,43,1,6756.81,15
7602,4465,93,2,37659.39,20
7603,4466,30,3,39144.93,25
7604,4466,63,1,13940.53,15
7605,4467,24,2,29531.22,15
7606,4468,14,1,12684.71,5
7607,4468,28,1,16350.43,5
7608,4468,142,3,42140.76,15
7609,4469,108,1,38460.97,15
7610,4470,34,1,30760.84,20
7611,4471,78,4,34377.3,0
7612,4471,12,1,20830.37,10
7613,4472,61,3,3031.82,10
7614,4473,105,4,14470.94,15
7615,4473,40,3,28700.34,0
7616,4474,148,2,35864.87,15
7617,4474,7,2,38063.07,0
7618,4475,79,2,35548.62,10
7619,4475,121,1,42457.91,10
7620,4476,73,1,26849.97,5
7621,4477,68,1,35608.5,15
7622,4478,31,2,22896.63,25
7623,4479,70,2,6226.6,0
7624,4480,47,2,35706.46,15
7625,4480,58,2,31335.35,0
7626,4480,150,2,21440.11,15
7627,4480,24,2,29578.66,5
7628,4481,34,1,29554.09,5
7629,4481,63,1,17153.45,15
7630,4482,147,1,13423.1,5
7631,4483,24,1,23041.4,0
7632,4483,64,1,4443.71,25
7633,4483,148,2,27250.19,10
7634,4484,116,1,36913.4,10
7635,4484,98,1,20120.75,10
7636,4485,27,2,17809.86,20
7637,4486,44,1,12883.44,0
7638,4487,93,2,36906.12,0
7639,4488,65,3,3274.28,5
7640,4488,119,2,10875.45,10
7641,4488,54,2,3467.57,0
7642,4488,120,2,23291.57,10
7643,4489,7,1,43014.11,0
7644,4490,54,2,3808.75,15
7645,4490,43,1,5459.71,10
7646,4490,20,1,8451.38,0
7647,4491,84,1,35884.57,0
7648,4492,43,2,6838.02,15
7649,4492,127,2,34624.91,15
7650,4492,36,3,3948.81,15
7651,4493,66,1,23067.37,0
7652,4494,121,1,39409.24,25
7653,4494,9,2,7470.43,10
7654,4494,83,2,6434.53,0
7655,4494,79,1,36837.03,5
7656,4495,21,1,4481.8,10
7657,4495,16,1,6063.15,0
7658,4495,26,1,21686.42,20
7659,4496,29,2,31739.95,15
7660,4497,98,1,20418.97,0
7661,4497,71,1,29211.06,20
7662,4498,143,1,13642.74,5
7663,4498,17,3,28231.34,5
7664,4499,137,1,30542.07,15
7665,4499,32,1,30703.99,10
7666,4499,66,2,22229.05,5
7667,4500,59,2,20355.23,0
7668,4501,111,2,9957.87,5
7669,4502,83,1,6927.16,10
7670,4502,110,4,26035.58,10
7671,4502,59,1,20120.08,10
7672,4503,30,1,35782.36,10
7673,4503,11,1,6896.34,5
7674,4504,119,1,12081.37,10
7675,4505,94,1,7810.63,0
7676,4505,2,2,7681.82,0
7677,4505,31,1,21740.91,10
7678,4506,63,3,14324.47,0
7679,4507,117,2,29224.24,0
7680,4507,127,2,47829.46,0
7681,4508,36,2,4948.45,0
7682,4509,40,2,32440.76,5
7683,4510,23,2,22346.46,5
7684,4511,18,2,2952.32,0
7685,4512,79,1,27906.83,0
7686,4513,34,1,28169.46,0
7687,4514,107,1,26255.78,5
7688,4515,49,2,44154.98,15
7689,4516,62,1,12877.66,0
7690,4516,42,1,19794.69,10
7691,4517,24,1,24888.57,0
7692,4518,77,2,16162.26,0
7693,4519,95,4,10180.29,5
7694,4519,83,2,7459.31,5
7695,4520,93,2,35578.3,0
7696,4520,22,1,28235.51,0
7697,4520,105,1,18643.5,0
7698,4521,85,1,9585.01,15
7699,4521,61,1,3586.4,0
7700,4522,69,1,41426.62,0
7701,4523,6,4,28347.59,15
7702,4523,85,1,7583.97,0
7703,4523,114,2,11712.28,0
7704,4524,139,3,17117.21,0
7705,4524,24,1,23653.2,0
7706,4524,79,1,31419.36,0
7707,4524,110,1,30763.03,20
7708,4525,104,1,29150.5,20
7709,4526,51,2,3832.46,5
7710,4526,19,1,2654.36,5
7711,4526,131,2,22033.88,5
7712,4526,131,3,17412.3,5
7713,4527,128,1,35340.65,15
7714,4528,92,1,29396.9,5
7715,4529,31,2,18078.03,0
7716,4530,106,1,32380.77,0
7717,4530,124,1,17657.82,20
7718,4531,113,2,37980.66,0
7719,4532,136,1,21433.17,20
7720,4533,17,3,30213.25,10
7721,4534,99,1,38478.98,5
7722,4535,100,1,711.35,0
7723,4536,104,3,35243.62,0
7724,4536,45,1,18319.82,5
7725,4537,97,1,24375.91,10
7726,4538,60,4,36559.24,10
7727,4538,114,1,16379.51,5
7728,4538,21,1,4369.71,5
7729,4538,112,1,2213.23,15
7730,4539,149,1,26429.25,20
7731,4540,125,2,34941.53,20
7732,4541,28,1,14775.28,10
7733,4542,81,2,6979.35,0
7734,4543,82,1,42385.22,0
7735,4544,46,3,29681.98,5
7736,4544,44,1,11897.09,15
7737,4545,89,2,28468.61,5
7738,4545,118,4,15202.17,10
7739,4546,120,1,24146.37,15
7740,4547,63,1,13973.18,0
7741,4548,77,1,12958.91,20
7742,4549,88,4,24349.13,0
7743,4549,140,2,11833.65,0
7744,4549,78,3,40608.57,15
7745,4550,64,2,4678.87,20
7746,4550,4,1,22914.81,15
7747,4551,83,1,8283.8,15
7748,4552,6,3,24313.88,20
7749,4553,91,1,6648.07,5
7750,4553,22,1,33978.74,10
7751,4553,145,1,22633.49,0
7752,4553,29,1,38916.87,0
7753,4554,145,1,22425.1,10
7754,4555,2,2,6439.28,15
7755,4556,32,1,34338.0,5
7756,4557,150,1,27837.6,5
7757,4557,103,1,4956.76,25
7758,4558,132,2,40253.47,5
7759,4558,117,1,34076.87,25
7760,4558,141,1,1881.94,20
7761,4558,61,4,3246.84,10
7762,4559,64,1,5457.08,0
7763,4559,77,1,11720.9,0
7764,4559,33,1,14169.32,5
7765,4559,98,1,21434.27,10
7766,4560,126,1,8683.61,5
7767,4560,61,3,3969.69,15
7768,4561,32,1,33426.63,10
7769,4562,139,2,17671.78,0
7770,4563,18,3,3095.8,15
7771,4564,45,1,18028.66,0
7772,4564,21,1,6090.5,0
7773,4564,12,2,23702.92,0
7774,4564,103,1,6290.11,0
7775,4565,20,2,11040.38,15
7776,4565,7,2,38551.69,10
7777,4566,91,1,6545.13,10
7778,4567,130,1,47507.06,10
7779,4568,43,1,6559.8,10
7780,4569,97,1,28122.16,10
7781,4569,21,1,4685.35,15
7782,4569,29,2,39234.97,5
7783,4569,32,1,34697.82,15
7784,4570,76,2,38807.99,15
7785,4571,103,1,6404.4,0
7786,4572,113,2,29472.99,5
7787,4573,104,3,36325.98,15
7788,4574,131,3,20240.58,15
7789,4574,39,1,6205.7,0
7790,4574,51,1,4354.43,0
7791,4575,116,1,44307.26,5
7792,4575,8,1,22370.26,0
7793,4575,110,4,31988.28,0
7794,4575,46,1,39678.73,0
7795,4576,6,2,26411.66,0
7796,4576,112,2,2865.77,5
7797,4576,58,1,34756.45,15
7798,4577,122,2,31263.85,0
7799,4577,115,1,33714.79,10
7800,4578,54,1,3810.63,10
7801,4578,76,2,35346.66,15
7802,4579,48,3,28201.68,5
7803,4579,70,1,5593.39,0
7804,4580,47,1,38430.53,20
7805,4581,117,1,34765.33,15
7806,4581,23,1,24732.88,10
7807,4582,142,1,36046.01,0
7808,4583,61,2,3674.4,0
7809,4583,126,1,7823.97,0
7810,4584,76,1,38361.62,0
7811,4585,65,1,3355.2,0
7812,4586,96,2,26754.0,0
7813,4586,106,1,26211.81,0
7814,4586,129,1,22491.64,15
7815,4587,39,1,5434.74,10
7816,4587,44,1,11667.36,0
7817,4587,105,1,19233.34,25
7818,4588,94,3,9594.59,15
7819,4589,133,1,32336.71,0
7820,4590,123,2,25674.16,0
7821,4590,124,2,20623.16,0
7822,4590,109,2,20615.69,15
7823,4591,72,1,16709.36,0
7824,4591,65,2,3278.33,0
7825,4592,79,2,35922.77,5
7826,4593,88,1,25645.08,10
7827,4593,143,2,15112.98,0
7828,4594,6,1,25382.49,5
7829,4595,66,1,21916.06,0
7830,4596,69,1,46458.29,5
7831,4596,115,3,34288.04,5
7832,4596,105,2,17955.36,5
7833,4597,98,2,27063.73,5
7834,4598,96,1,26369.49,0
7835,4599,46,1,34274.88,0
7836,4600,122,1,22369.35,0
7837,4601,31,2,18112.95,0
7838,4602,119,1,10762.31,0
7839,4603,126,1,10162.29,0
7840,4604,143,3,16823.66,5
7841,4605,148,3,35139.17,0
7842,4606,132,3,30517.61,20
7843,4607,127,1,44549.35,20
7844,4607,108,4,33396.9,0
7845,4608,138,2,6320.23,5
7846,4608,41,3,24567.66,25
7847,4609,53,4,3940.64,5
7848,4610,87,4,22596.27,15
7849,4610,121,1,43645.63,15
7850,4611,76,1,36648.3,20
7851,4611,48,2,26219.51,0
7852,4611,143,1,15226.95,0
7853,4611,135,1,2546.78,0
7854,4612,72,2,17498.25,10
7855,4612,4,1,31814.52,10
7856,4612,124,1,18549.14,0
7857,4613,71,1,23835.41,0
7858,4614,126,1,9812.89,10
7859,4614,59,2,17723.69,0
7860,4615,109,4,22248.51,10
7861,4616,41,2,28849.21,10
7862,4617,30,2,28265.63,5
7863,4618,123,1,23886.28,0
7864,4619,146,1,29227.35,20
7865,4620,30,2,36371.33,0
7866,4620,135,2,2595.77,15
7867,4621,52,1,17547.81,15
7868,4621,23,3,24978.83,10
7869,4622,124,4,19166.41,10
7870,4623,71,1,28982.29,5
7871,4624,103,1,5962.94,15
7872,4625,53,1,3937.85,0
7873,4626,105,1,14324.8,10
7874,4626,49,3,41405.93,0
7875,4626,111,3,10523.71,20
7876,4626,107,2,24645.92,20
7877,4627,91,2,7697.82,10
7878,4627,140,2,12479.06,5
7879,4628,17,1,34190.79,0
7880,4628,44,2,12933.49,5
7881,4628,71,3,21875.81,15
7882,4628,125,2,28227.68,10
7883,4629,93,1,41619.87,5
7884,4629,60,1,32406.25,15
7885,4630,53,1,3086.52,0
7886,4631,74,2,47316.77,20
7887,4632,144,1,29538.96,5
7888,4633,107,1,28162.15,0
7889,4634,98,2,27708.26,15
7890,4634,25,1,27781.5,20
7891,4634,66,1,22929.52,5
7892,4635,50,3,45040.18,5
7893,4636,69,1,44834.19,15
7894,4637,78,1,40179.79,20
7895,4637,134,1,19665.47,25
7896,4638,64,1,5340.67,0
7897,4638,28,1,17948.9,10
7898,4638,9,2,7318.24,15
7899,4639,6,1,29478.04,10
7900,4640,145,1,21739.47,5
7901,4640,99,1,35622.98,10
7902,4641,82,1,37167.73,5
7903,4642,119,1,8282.19,0
7904,4643,129,1,24522.29,0
7905,4644,63,1,15043.3,10
7906,4645,125,1,29606.74,5
7907,4645,18,1,3044.15,20
7908,4646,86,1,29757.23,0
7909,4647,20,2,12102.01,0
7910,4647,48,1,22060.39,25
7911,4648,54,1,3835.92,10
7912,4648,102,1,31816.96,0
7913,4648,89,1,24983.62,20
7914,4649,144,1,35487.32,15
7915,4650,148,1,38094.62,10
7916,4650,47,2,37649.41,20
7917,4651,135,2,2506.21,0
7918,4652,110,1,32630.48,5
7919,4653,5,1,5265.3,15
7920,4653,111,1,11015.54,5
7921,4654,41,2,24253.22,20
7922,4654,136,2,18261.35,0
7923,4655,82,1,36710.18,0
7924,4656,31,1,20257.23,5
7925,4656,4,3,22229.45,10
7926,4656,56,1,15433.6,0
7927,4657,5,1,5727.31,0
7928,4658,81,2,8157.02,25
7929,4658,54,1,3453.84,20
7930,4658,124,1,18220.32,0
7931,4658,96,2,28887.88,5
7932,4659,93,3,44218.76,5
7933,4660,80,2,34526.95,20
7934,4661,1,1,3256.29,10
7935,4662,73,2,26838.96,15
7936,4663,61,3,4086.18,20
7937,4663,126,1,7180.57,10
7938,4664,7,1,35105.68,0
7939,4664,125,3,35664.87,5
7940,4665,15,1,26640.7,20
7941,4666,108,1,32795.18,10
7942,4667,4,1,32048.3,20
7943,4668,63,1,13852.35,20
7944,4669,70,2,5915.05,5
7945,4669,38,1,4118.68,5
7946,4670,2,1,6336.77,10
7947,4670,8,2,19205.55,0
7948,4671,51,2,4942.1,5
7949,4671,117,2,28882.56,0
7950,4671,112,1,2547.42,15
7951,4671,19,1,3142.58,20
7952,4672,94,1,9427.82,0
7953,4673,31,1,19455.42,10
7954,4674,80,1,30998.13,10
7955,4674,102,2,31945.77,15
7956,4675,22,1,28430.41,10
7957,4675,33,1,16518.57,0
7958,4675,140,2,14555.06,0
7959,4676,114,1,13434.79,0
7960,4676,64,1,4648.17,20
7961,4677,29,1,41026.57,5
7962,4678,13,1,44583.97,25
7963,4679,26,4,18417.54,5
7964,4679,22,2,28114.54,10
7965,4680,93,1,36952.99,15
7966,4680,76,1,49008.38,15
7967,4681,110,1,24184.3,0
7968,4681,92,2,38856.44,0
7969,4681,73,4,21397.74,0
7970,4682,119,1,11909.48,15
7971,4683,10,3,3113.9,15
7972,4683,48,1,24436.8,0
7973,4683,90,1,30323.84,0
7974,4683,6,1,26604.2,5
7975,4684,132,2,32473.57,10
7976,4685,91,1,7413.09,5
7977,4685,55,3,1580.95,25
7978,4685,126,1,7439.33,15
7979,4685,131,2,18525.8,0
7980,4686,7,1,39378.74,0
7981,4686,88,1,21437.9,0
7982,4686,86,1,35391.45,0
7983,4687,140,2,12664.24,15
7984,4687,99,2,36308.25,5
7985,4688,145,1,17981.7,5
7986,4688,75,1,18821.88,10
7987,4689,107,2,22895.46,0
7988,4690,145,1,22516.42,0
7989,4691,86,3,36371.19,15
7990,4692,1,3,3556.78,20
7991,4693,120,1,28614.73,0
7992,4694,67,2,31889.35,10
7993,4695,99,2,36887.48,10
7994,4695,49,1,31999.25,15
7995,4695,51,1,5153.81,10
7996,4696,71,1,27607.18,20
7997,4697,120,3,28654.75,0
7998,4697,112,2,2824.86,5
7999,4698,31,1,22748.67,15
8000,4698,24,1,29890.77,15
8001,4699,37,1,18377.14,0
8002,4700,63,2,15464.76,10
8003,4701,56,1,19564.5,0
8004,4702,18,2,3117.9,20
8005,4702,106,1,30360.59,15
8006,4703,77,1,12989.14,0
8007,4703,4,1,31359.99,10
8008,4704,121,1,39770.78,5
8009,4705,140,2,10604.3,0
8010,4705,48,2,28788.68,20
8011,4706,147,5,12292.66,0
8012,4707,26,2,17482.06,5
8013,4707,108,1,38032.85,10
8014,4708,38,3,4039.17,15
8015,4709,80,2,42027.09,0
8016,4709,28,1,18646.59,10
8017,4710,61,1,4182.42,0
8018,4710,89,4,35071.72,15
8019,4710,89,2,29866.83,0
8020,4711,140,2,12567.62,10
8021,4711,8,1,24392.44,10
8022,4712,122,2,27469.57,0
8023,4713,103,1,5319.93,0
8024,4714,88,1,22804.7,0
8025,4714,23,3,23214.24,20
8026,4715,37,2,21433.57,5
8027,4716,11,1,6350.34,20
8028,4717,17,1,36594.39,0
8029,4717,130,1,42936.96,0
8030,4718,29,1,35146.83,20
8031,4719,57,1,35657.55,10
8032,4720,78,1,43631.33,15
8033,4720,122,1,22557.39,20
8034,4720,112,3,2927.42,25
8035,4721,93,1,42487.66,0
8036,4722,2,1,8095.83,0
8037,4723,124,3,20828.14,0
8038,4723,31,2,21586.39,15
8039,4724,117,1,29266.3,5
8040,4724,113,1,35244.65,10
8041,4724,44,2,12457.92,20
8042,4725,127,1,39774.23,10
8043,4726,90,2,36938.6,0
8044,4726,114,1,15389.81,5
8045,4727,74,4,39745.78,0
8046,4727,46,2,35629.65,5
8047,4728,54,1,3029.26,0
8048,4729,109,1,25622.0,0
8049,4730,24,1,23820.78,15
8050,4731,57,1,37676.99,25
8051,4731,72,1,17816.33,25
8052,4732,69,1,36967.8,0
8053,4732,28,1,13111.34,15
8054,4732,33,2,13131.11,10
8055,4733,53,1,4024.82,15
8056,4734,122,2,30884.3,15
8057,4734,16,2,7871.36,25
8058,4735,140,4,13403.96,0
8059,4735,87,3,22639.24,15
8060,4736,105,4,15559.97,15
8061,4737,77,4,11736.83,0
8062,4737,87,1,24425.71,5
8063,4738,31,1,20767.24,0
8064,4739,100,1,729.83,20
8065,4739,36,1,4386.26,20
8066,4739,59,1,16536.46,10
8067,4740,106,2,27411.25,5
8068,4740,3,1,16651.38,0
8069,4741,121,1,37263.92,15
8070,4741,15,1,27681.03,0
8071,4742,75,4,17623.05,5
8072,4742,1,1,3725.64,20
8073,4743,133,3,28572.73,10
8074,4743,90,1,32829.67,10
8075,4744,6,2,22122.2,0
8076,4744,133,1,32322.78,0
8077,4744,116,1,39450.86,10
8078,4745,73,5,29597.57,0
8079,4745,69,1,35192.53,0
8080,4746,44,1,11454.09,5
8081,4746,144,2,34580.59,5
8082,4746,150,2,25780.57,5
8083,4747,68,5,38580.07,5
8084,4747,41,2,27379.49,10
8085,4748,70,1,6265.79,0
8086,4749,31,1,19471.04,0
8087,4749,17,2,33751.5,15
8088,4749,137,2,28305.6,5
8089,4750,55,1,1409.32,5
8090,4750,6,2,30838.27,5
8091,4751,132,1,33241.72,0
8092,4751,107,1,24301.48,0
8093,4752,88,1,25826.25,5
8094,4752,18,1,2924.59,5
8095,4752,48,2,28217.27,5
8096,4752,29,1,38138.59,0
8097,4753,76,1,45865.03,0
8098,4754,63,1,18133.0,5
8099,4755,9,1,5364.15,5
8100,4756,14,1,11623.63,20
8101,4756,20,2,9566.21,0
8102,4757,10,1,2597.49,25
8103,4757,139,1,19608.85,25
8104,4758,147,2,15597.27,10
8105,4758,147,2,13075.53,10
8106,4758,70,1,5236.35,20
8107,4758,72,3,17077.64,0
8108,4759,65,5,3256.3,0
8109,4760,104,1,35330.17,0
8110,4760,60,2,39536.61,10
8111,4761,138,1,7044.29,0
8112,4761,63,1,17077.5,20
8113,4761,130,1,43308.15,5
8114,4762,36,3,5560.75,20
8115,4762,118,2,18212.1,0
8116,4763,57,1,45009.69,10
8117,4764,79,1,32333.6,10
8118,4764,20,1,9478.31,5
8119,4765,42,1,19365.89,20
8120,4765,21,3,5951.16,5
8121,4765,93,1,42625.17,0
8122,4765,78,1,33852.58,25
8123,4766,24,1,24497.14,5
8124,4766,26,4,17806.1,0
8125,4766,130,2,45480.01,5
8126,4766,109,1,29060.12,10
8127,4767,34,1,24741.63,5
8128,4767,99,1,38528.92,10
8129,4768,143,5,13395.75,10
8130,4768,55,1,1666.53,0
8131,4768,3,1,14858.69,0
8132,4769,76,1,46777.24,15
8133,4770,145,1,24123.16,10
8134,4771,49,2,35884.05,0
8135,4771,149,1,28753.45,0
8136,4771,88,1,23080.27,20
8137,4771,40,1,29490.19,20
8138,4772,148,1,39238.46,10
8139,4773,104,1,35413.6,0
8140,4774,104,3,28497.58,10
8141,4775,41,1,26415.24,0
8142,4775,44,1,12214.02,10
8143,4776,81,2,7804.35,15
8144,4776,84,3,33294.43,5
8145,4777,139,1,17047.0,0
8146,4778,142,1,44299.72,10
8147,4778,12,2,24442.18,15
8148,4778,17,1,39740.61,10
8149,4779,90,3,30653.11,10
8150,4779,25,3,30174.76,0
8151,4779,26,1,20404.17,10
8152,4780,60,1,30505.11,10
8153,4781,60,1,33282.32,0
8154,4782,27,5,20021.37,10
8155,4782,76,2,42729.58,10
8156,4783,20,1,9991.79,10
8157,4783,82,1,46360.59,0
8158,4784,10,2,2624.85,0
8159,4785,30,5,32595.42,25
8160,4786,1,2,3870.75,5
8161,4787,54,1,3417.36,0
8162,4788,4,1,24978.3,20
8163,4789,135,1,2390.87,0
8164,4789,30,3,35588.45,5
8165,4790,90,1,38753.31,0
8166,4790,65,2,3384.52,25
8167,4791,124,1,15987.95,5
8168,4791,29,1,39963.7,10
8169,4792,40,2,30964.97,10
8170,4793,26,3,21786.18,0
8171,4793,17,1,27274.49,5
8172,4794,8,1,20593.65,5
8173,4795,69,2,34505.68,25
8174,4796,1,2,3734.22,15
8175,4796,79,2,29126.01,20
8176,4797,71,1,28026.19,0
8177,4797,46,1,41284.44,0
8178,4798,108,3,30202.37,5
8179,4799,99,3,31235.38,10
8180,4799,124,2,20206.54,10
8181,4800,148,5,31276.28,15
8182,4800,2,1,7403.08,20
8183,4800,71,1,22908.16,0
8184,4801,103,2,5359.53,15
8185,4801,77,1,12274.22,10
8186,4802,97,4,31361.32,10
8187,4802,30,1,32922.81,10
8188,4803,30,1,36599.08,20
8189,4803,24,1,24475.91,10
8190,4803,61,1,3736.05,0
8191,4803,141,1,1594.19,5
8192,4804,125,1,37004.14,20
8193,4804,80,1,36334.25,15
8194,4805,15,2,23220.19,0
8195,4805,11,1,5440.21,10
8196,4806,140,3,10270.12,0
8197,4807,86,1,29417.96,0
8198,4808,89,1,29811.66,5
8199,4808,3,1,13996.62,5
8200,4809,24,1,31105.42,0
8201,4809,89,2,25772.07,15
8202,4810,9,5,7170.49,15
8203,4811,46,1,33425.58,10
8204,4811,94,1,7560.69,0
8205,4811,71,1,30326.62,0
8206,4811,139,5,22663.37,0
8207,4812,10,2,3270.51,0
8208,4813,3,1,16071.86,20
8209,4813,19,1,3178.19,5
8210,4814,130,1,41673.87,0
8211,4815,145,2,17733.69,0
8212,4816,130,3,33470.79,20
8213,4816,144,4,35390.36,5
8214,4817,113,1,36550.8,5
8215,4818,138,2,6543.17,5
8216,4819,43,1,4989.79,0
8217,4820,58,2,39317.51,25
8218,4821,113,1,35135.29,0
8219,4821,122,2,29136.11,10
8220,4822,85,1,7626.85,0
8221,4822,106,1,35105.23,5
8222,4822,144,2,34055.42,20
8223,4822,100,4,699.69,15
8224,4823,99,2,42095.93,0
8225,4824,9,2,7507.14,10
8226,4824,6,2,23198.96,0
8227,4825,108,1,39652.47,25
8228,4825,138,1,6516.54,10
8229,4826,82,4,32643.12,5
8230,4826,27,4,15681.95,0
8231,4826,119,1,9902.11,0
8232,4826,100,1,704.82,15
8233,4827,3,3,16096.12,5
8234,4827,38,2,3895.27,0
8235,4827,74,1,44860.21,20
8236,4828,73,1,29793.34,0
8237,4828,17,5,35165.99,0
8238,4829,106,1,34646.5,0
8239,4830,48,1,30617.91,0
8240,4831,84,1,27753.34,10
8241,4832,7,1,42851.72,10
8242,4832,126,1,10393.23,0
8243,4833,149,1,24469.69,0
8244,4833,81,1,9194.82,0
8245,4834,52,2,15572.9,0
8246,4834,13,1,40389.42,0
8247,4835,34,1,29834.09,0
8248,4835,127,1,46579.42,0
8249,4836,105,1,18395.59,15
8250,4837,132,1,36434.58,0
8251,4837,44,2,14424.16,10
8252,4838,126,1,9528.51,0
8253,4839,143,1,15969.78,10
8254,4840,8,3,22388.41,15
8255,4841,114,1,15775.25,10
8256,4841,5,1,5428.29,0
8257,4841,86,3,36296.32,0
8258,4842,73,3,21299.22,15
8259,4843,92,3,37256.06,5
8260,4843,121,1,37661.83,0
8261,4844,46,4,35717.43,20
8262,4845,116,2,37287.21,10
8263,4846,113,1,28118.72,15
8264,4846,66,2,20423.8,0
8265,4846,31,1,20088.12,0
8266,4847,51,1,4573.5,5
8267,4847,41,1,23374.72,10
8268,4848,51,1,5522.45,0
8269,4849,147,1,12067.3,5
8270,4850,95,1,10236.54,10
8271,4850,73,1,28689.38,0
8272,4850,131,2,16149.52,10
8273,4851,38,1,4338.75,5
8274,4852,41,2,31303.23,5
8275,4852,129,1,23484.96,0
8276,4853,54,2,2808.23,10
8277,4854,86,1,35385.98,0
8278,4855,13,2,39555.32,15
8279,4856,40,2,35262.16,10
8280,4856,21,3,6240.69,10
8281,4857,29,1,29703.94,20
8282,4857,125,1,29415.44,0
8283,4858,32,1,26909.8,10
8284,4859,11,1,7104.91,5
8285,4859,36,1,4993.11,25
8286,4860,93,3,43235.33,15
8287,4860,112,1,2389.61,15
8288,4860,142,1,42094.57,0
8289,4861,117,2,32403.07,0
8290,4861,50,1,44091.8,0
8291,4861,123,1,26802.17,10
8292,4862,73,2,29367.33,5
8293,4863,97,2,26695.97,0
8294,4864,87,2,25017.96,10
8295,4864,97,1,28394.86,15
8296,4864,110,1,22556.07,0
8297,4865,110,4,26611.34,20
8298,4866,55,4,1760.14,0
8299,4867,94,1,7326.21,0
8300,4867,109,2,22155.2,15
8301,4867,129,1,21949.12,5
8302,4868,15,1,24955.96,20
8303,4869,20,2,10149.99,5
8304,4870,144,1,32749.35,20
8305,4871,52,3,16419.91,0
8306,4871,87,2,20414.12,10
8307,4871,65,2,3584.15,25
8308,4872,111,1,8526.92,5
8309,4873,84,2,33085.4,0
8310,4873,111,4,9494.81,0
8311,4873,70,1,6685.8,20
8312,4874,129,1,18524.56,5
8313,4874,94,4,9543.11,10
8314,4875,126,1,8816.71,15
8315,4876,16,1,5404.93,15
8316,4877,18,1,2442.64,5
8317,4878,77,1,13206.57,20
8318,4878,44,1,12652.52,5
8319,4879,50,1,36025.3,10
8320,4880,92,1,40329.98,0
8321,4880,14,2,11382.7,0
8322,4880,52,2,18471.51,20
8323,4881,93,1,41507.8,0
8324,4882,121,2,47519.99,0
8325,4883,50,4,31937.85,10
8326,4884,123,1,29422.58,10
8327,4884,17,1,33199.58,0
8328,4885,124,1,15155.34,15
8329,4886,120,1,23329.74,10
8330,4887,131,3,15242.94,20
8331,4887,95,1,8412.95,10
8332,4887,149,1,25763.17,5
8333,4888,33,1,13338.36,5
8334,4888,1,1,3769.11,0
8335,4889,115,1,32465.91,0
8336,4889,4,2,28595.63,0
8337,4890,150,4,25696.38,20
8338,4890,57,1,47363.28,20
8339,4891,56,1,19110.22,5
8340,4891,63,1,18751.68,0
8341,4892,103,2,4779.86,0
8342,4893,117,1,31919.01,0
8343,4894,7,2,38456.92,20
8344,4894,142,1,36649.03,5
8345,4895,125,1,27184.85,15
8346,4896,90,1,34449.93,5
8347,4896,146,1,31449.64,10
8348,4897,55,2,1624.78,10
8349,4898,115,1,28861.68,0
8350,4899,123,2,22078.26,5
8351,4900,116,1,45538.43,20
8352,4901,115,1,28800.0,5
8353,4901,114,1,11783.59,5
8354,4902,96,1,37073.69,5
8355,4903,80,2,39887.21,5
8356,4904,3,1,16239.2,5
8357,4904,149,1,33476.43,0
8358,4904,130,1,38790.25,25
8359,4905,111,1,10629.93,0
8360,4906,20,2,9209.7,5
8361,4906,115,4,32060.91,0
8362,4907,146,1,21589.64,0
8363,4907,75,3,18239.62,10
8364,4907,36,3,4740.7,25
8365,4908,102,1,26284.32,15
8366,4908,76,1,41804.55,0
8367,4908,61,1,3760.79,5
8368,4908,60,1,37209.74,0
8369,4909,117,1,29865.35,10
8370,4909,36,1,4280.52,0
8371,4909,68,1,43729.93,15
8372,4910,44,2,14462.16,0
8373,4911,77,1,11188.56,0
8374,4911,90,2,38108.56,20
8375,4911,29,3,39309.42,20
8376,4911,136,2,15669.78,0
8377,4912,133,1,33203.86,0
8378,4912,96,1,29293.57,15
8379,4913,126,1,10258.24,10
8380,4913,138,4,5247.08,20
8381,4913,10,2,2895.26,5
8382,4914,134,1,23949.63,0
8383,4915,16,1,6243.68,0
8384,4915,26,2,18559.61,10
8385,4915,21,2,4407.9,15
8386,4915,100,4,810.81,15
8387,4916,106,2,33540.54,20
8388,4916,30,1,34645.67,0
8389,4917,133,2,28530.84,15
8390,4917,138,4,4991.42,15
8391,4918,95,2,9047.02,15
8392,4919,139,1,18609.93,5
8393,4920,135,2,2444.44,10
8394,4920,140,3,12704.6,10
8395,4920,64,1,6079.89,10
8396,4920,123,1,24972.91,0
8397,4921,113,2,35490.42,10
8398,4922,41,2,29153.64,10
8399,4923,28,1,15800.39,0
8400,4923,123,2,30755.01,5
8401,4923,80,1,30901.74,5
8402,4924,3,4,16283.86,15
8403,4925,101,4,38039.14,10
8404,4926,32,1,27286.47,5
8405,4927,21,4,5099.61,10
8406,4928,121,1,35819.57,0
8407,4929,55,2,1821.1,0
8408,4930,18,1,2742.23,0
8409,4931,53,1,3142.69,0
8410,4931,112,3,2699.29,10
8411,4932,121,3,48103.96,25
8412,4932,110,1,31862.69,0
8413,4932,75,1,21689.99,20
8414,4933,61,1,3659.77,10
8415,4934,8,3,24725.52,0
8416,4935,12,1,22666.38,0
8417,4936,41,1,27914.42,10
8418,4936,150,2,25111.66,10
8419,4936,127,4,39817.62,0
8420,4937,137,1,27549.83,0
8421,4937,78,2,32041.81,20
8422,4937,139,2,19731.34,0
8423,4937,141,1,1744.55,15
8424,4938,89,2,33192.39,0
8425,4939,64,2,5199.44,5
8426,4940,64,1,4922.89,5
8427,4940,70,1,5579.63,5
8428,4941,55,2,1552.18,0
8429,4941,37,1,16459.2,0
8430,4942,25,1,22756.49,15
8431,4943,114,1,12943.74,0
8432,4943,23,1,17766.75,10
8433,4944,136,1,16765.95,15
8434,4944,17,1,37133.65,15
8435,4945,95,1,7981.79,0
8436,4945,90,1,31886.15,10
8437,4945,75,1,25008.07,10
8438,4945,62,2,13385.01,0
8439,4946,11,2,4950.57,5
8440,4947,121,1,35468.61,0
8441,4947,56,4,17423.32,10
8442,4947,53,2,3879.65,15
8443,4947,85,2,7747.12,20
8444,4948,28,1,14169.62,10
8445,4949,86,1,41931.26,5
8446,4949,115,4,30622.22,25
8447,4950,46,1,35152.55,10
8448,4950,18,2,2428.63,5
8449,4951,23,1,18788.89,20
8450,4952,99,3,34591.91,0
8451,4952,29,1,41187.28,0
8452,4953,52,1,15747.47,15
8453,4954,110,2,32753.94,20
8454,4955,106,1,26441.76,0
8455,4956,46,1,34714.28,15
8456,4957,1,1,3013.82,5
8457,4958,144,1,34340.21,10
8458,4958,25,1,26582.14,0
8459,4958,62,2,13603.23,25
8460,4959,82,2,40747.04,20
8461,4960,80,4,34613.27,5
8462,4961,144,1,36303.51,20
8463,4962,91,1,5762.16,20
8464,4963,121,3,43355.57,5
8465,4964,53,3,3251.11,20
8466,4965,44,2,13293.34,25
8467,4966,32,1,32458.64,0
8468,4967,23,3,18862.9,0
8469,4967,148,1,38604.21,0
8470,4968,19,1,3072.11,5
8471,4968,29,2,34250.99,0
8472,4969,146,1,21506.51,0
8473,4970,69,1,43761.39,25
8474,4971,140,2,14040.23,15
8475,4971,10,2,2722.67,20
8476,4971,111,3,11377.8,25
8477,4972,37,1,22664.47,5
8478,4973,81,1,7674.91,10
8479,4973,96,1,35007.35,0
8480,4973,55,3,1690.11,10
8481,4974,132,1,36917.01,0
8482,4975,128,1,27913.78,0
8483,4976,63,1,14296.64,0
8484,4976,12,1,25833.25,10
8485,4977,146,3,21459.52,20
8486,4977,8,1,22253.97,0
8487,4977,32,2,33287.11,5
8488,4978,49,1,34169.71,10
8489,4979,104,1,28933.25,5
8490,4980,87,4,24064.52,20
8491,4981,99,2,32431.09,0
8492,4981,50,2,43147.63,0
8493,4981,96,2,29779.39,5
8494,4982,63,1,16978.52,10
8495,4982,66,1,18383.91,0
8496,4983,103,1,4541.77,0
8497,4984,46,3,31449.79,15
8498,4985,143,2,13200.47,0
8499,4986,16,1,6599.36,5
8500,4987,120,3,26518.06,25
8501,4988,90,2,30929.49,10
8502,4988,72,1,13645.4,5
8503,4989,16,1,6642.99,5
8504,4990,85,3,10369.12,5
8505,4991,39,4,6922.16,15
8506,4991,139,1,17197.3,15
8507,4992,36,1,5611.69,10
8508,4993,18,1,3120.89,15
8509,4994,77,1,12769.25,0
8510,4995,49,1,40003.22,0
8511,4996,103,1,5502.27,15
8512,4996,44,3,15955.33,0
8513,4996,109,1,25318.88,20
8514,4997,129,2,26201.09,10
8515,4997,7,1,33963.77,5
8516,4998,48,1,25689.28,15
8517,4999,112,1,2726.95,15
8518,5000,144,2,36892.01,10
